index_hex,bank,start_snes,end_snes_exclusive,bytes,words,label
000,B6,B68000,B680D8,216,108,Text_Forecast_Spring_Sunny
001,B6,B680D8,B6816C,148,74,Text_Forecast_Summer_Sunny
002,B6,B6816C,B6821E,178,89,Text_Forecast_Fall_Sunny
003,B6,B6821E,B682BE,160,80,Text_Forecast_Winter_Sunny
004,B6,B682BE,B683B0,242,121,Text_Forecast_Spring_Rain
005,B6,B683B0,B6849A,234,117,Text_Forecast_Summer_Rain
006,B6,B6849A,B68542,168,84,Text_Forecast_Fall_Rain
007,B6,B68542,B685D6,148,74,Text_Forecast_Winter_Snow
008,B6,B685D6,B6870C,310,155,Text_Forecast_Summer_Hurricane
009,B6,B6870C,B68802,246,123,Text_LogBook
00A,B6,B68802,B688A4,162,81,Text_Diary
00B,B6,B688A4,B688F0,76,38,Text_00B_Diary_WorkHardAgainTomorrow
00C,B6,B688F0,B68972,130,65,Text_Diary2
00D,B6,B68972,B6898A,24,12,Text_00D_Diary_GoodNight
00E,B6,B6898A,B68A46,188,94,Text_Sign_House_Expansion
00F,B6,B68A46,B68B5E,280,140,Text_Manual_Sickle
010,B6,B68B5E,B68C68,266,133,Text_Manual_Hoe
011,B6,B68C68,B68D6E,262,131,Text_Manual_Axe
012,B6,B68D6E,B68EC6,344,172,Text_Manual_Hammer
013,B6,B68EC6,B69006,320,160,Text_Manual_Can
014,B6,B69006,B69078,114,57,Text_Manual_Milker
015,B6,B69078,B69172,250,125,Text_Manual_Brush
016,B6,B69172,B69248,214,107,Text_Manual_Bell
017,B6,B69248,B693A8,352,176,Text_Manual_CropSeeds
018,B6,B693A8,B6953E,406,203,Text_Manual_GrassSeeds
019,B6,B6953E,B695A4,102,51,Text_Manual_Paint
01A,B6,B695A4,B69638,148,74,Text_01A_Festival_TellMeWorkingNewYears
01B,B6,B69638,B696E2,170,85,Text_Sign_Wood
01C,B6,B696E2,B6978C,170,85,Text_Sign_Fodder
01D,B6,B6978C,B69812,134,67,Text_01D_Weather_NailedDownThedoorPrepareHurricane
01E,B6,B69812,B69860,78,39,Text_Sign_Fork
01F,B6,B69860,B69878,24,12,Text_Sign_Mountain_Top
020,B6,B69878,B698A0,40,20,Text_Sign_Hotspring
021,B6,B698A0,B698DA,58,29,Text_Sign_Cave
022,B6,B698DA,B69982,168,84,Text_Sign_Workmans
023,B6,B69982,B699F2,112,56,Text_Bachellorete_Diary
024,B6,B699F2,B69A70,126,63,Text_Mayor_House_Bookcase1
025,B6,B69A70,B69ADC,108,54,Text_Mayor_House_Bookcase2
026,B6,B69ADC,B69B46,106,53,Text_Mayor_House_Bookcase3
027,B6,B69B46,B69BA4,94,47,Text_Flowershop_Rooms_Bookcase
028,B6,B69BA4,B69C10,108,54,Text_Bar_Bookcase
029,B6,B69C10,B69C6E,94,47,Text_Restaurant_Bookcase
02A,B6,B69C6E,B69CDC,110,55,Text_GeneralStore_Rooms_Bookcase
02B,B6,B69CDC,B69D94,184,92,Text_WitchHouse_Bookcase
02C,B6,B69D94,B69DF4,96,48,Text_Carpenters_Bookcase
02D,B6,B69DF4,B69E12,30,15,Text_Shop_Closed
02E,B6,B69E12,B69E36,36,18,Text_Bar_Closed
02F,B6,B69E36,B69E96,96,48,Text_Cow_Talk
030,B6,B69E96,B69EBA,36,18,Text_Cow_Talk_Cranky
031,B6,B69EBA,B69F52,152,76,Text_Cow_Talk_Sick
032,B6,B69F52,B69FA6,84,42,Text_Cow_Talk_Pregnant
033,B6,B69FA6,B69FE0,58,29,Text_Elf_Cave_Door_Closed
034,B6,B69FE0,B6A03E,94,47,Text_034_Dialog_OpenSomethingsStuck
035,B6,B6A03E,B6A0CE,144,72,Text_035_Dialog_HowsGoingWorkTooHard
036,B6,B6A0CE,B6A1C8,250,125,Text_036_Animal_AskFloristFlowersAskLivestock
037,B6,B6A1C8,B6A22C,100,50,Text_037_Church_HangAroundListenPriest
038,B6,B6A22C,B6A2C0,148,74,Text_038_Dialog_OffTodayKeepUpAll
039,B6,B6A2C0,B6A364,164,82,Text_039_Weather_PeopleTownTalkDifferentlyAccording
03A,B6,B6A364,B6A4FC,408,204,Text_03A_Animal_EverybodyHasDifferentIdeasHappiness
03B,B6,B6A4FC,B6A604,264,132,Text_03B_Sign_WorkingHardHaveChatFriends
03C,B6,B6A604,B6A6B2,174,87,Text_03C_Church_ChurchDedicatedGodCropsSuggest
03D,B6,B6A6B2,B6A748,150,75,Text_03D_Dialog_LikeTakingMyTimeReading
03E,B6,B6A748,B6A7EC,164,82,Text_03E_Sign_HaveHeardWaterImpSomeone
03F,B6,B6A7EC,B6A99A,430,215,Text_03F_Dialog_ThinkBadThingsIfDiscovered
040,B6,B6A99A,B6AA16,124,62,Text_040_Romance_WonderIfDaughterAnncanGet
041,B6,B6AA16,B6AAC0,170,85,Text_041_Animal_HowsWorkGoingSomeWild
042,B6,B6AAC0,B6AB2E,110,55,Text_042_Church_BelieveGodExistsBelieve
043,B6,B6AB2E,B6ABF0,194,97,Text_043_Dialog_StrangeAlwaysNowNothingAll
044,B6,B6ABF0,B6AD1E,302,151,Text_044_Dialog_TakingWalkTooImportantGet
045,B6,B6AD1E,B6AE86,360,180,Text_045_Romance_HelpMyselfWorryingAboutAnn
046,B6,B6AE86,B6AF4C,198,99,Text_046_Shop_AlwaysLookFineBagSeed
047,B6,B6AF4C,B6AFDA,142,71,Text_047_Dialog_GrassGrowsAutumnYoudontHave
048,B6,B6AFDA,B6B03C,98,49,Text_048_Romance_MayEveryoneGiveKindnessEveryone
049,B6,B6B03C,B6B046,10,5,Text_049_Dialog_Entry
04A,B6,B6B046,B6B0DC,150,75,Text_04A_Sign_ShopClosedSaturdaysBathingInthe
04B,B6,B6B0DC,B6B1DE,258,129,Text_04B_Weather_KindDarkRainyDaysFeels
04C,B6,B6B1DE,B6B24A,108,54,Text_04C_Dialog_CoincidenceHavingMealToday
04D,B6,B6B24A,B6B2D2,136,68,Text_04D_Dialog_EasyWorkSteadilyButWorthwhile
04E,B6,B6B2D2,B6B3A8,214,107,Text_04E_Church_HopeBusinessBetterBetterGod
04F,B6,B6B3A8,B6B470,200,100,Text_04F_Diary_GoodBatheSunEatWork
050,B6,B6B470,B6B512,162,81,Text_050_Animal_EatSomethingTiredCakesBest
051,B6,B6B512,B6B55C,74,37,Text_051_Dialog_HowdyYoungBoysWhatsUp
052,B6,B6B55C,B6B5CE,114,57,Text_052_Animal_HicWorkingLikeDogOnly
053,B6,B6B5CE,B6B650,130,65,Text_053_Dialog_MyRoutineTakeWalkSundays
054,B6,B6B650,B6B726,214,107,Text_054_Weather_StartedRainingNowGeeWas
055,B6,B6B726,B6B7CC,166,83,Text_055_Weather_SayingMatterIfRainsWork
056,B6,B6B7CC,B6B866,154,77,Text_056_Dialog_UlpSooooGreatShesOut
057,B6,B6B866,B6B932,204,102,Text_057_Church_CalmInsideChurchManyPeople
058,B6,B6B932,B6BA38,262,131,Text_058_Animal_FeltTimeWentSlowlyWas
059,B6,B6BA38,B6BB48,272,136,Text_059_Animal_HaveSympathyPeopleKindPeople
05A,B6,B6BB48,B6BC00,184,92,Text_05A_Dialog_NecessarilyRightWrongDailyIncidents
05B,B6,B6BC00,B6BCA6,166,83,Text_05B_Weather_KnowConsumeYourstaminaRainyDay
05C,B6,B6BCA6,B6BDEC,326,163,Text_05C_Animal_ToughTakeCareCowsTake
05D,B6,B6BDEC,B6BF10,292,146,Text_05D_Animal_HensLayEggsPutCage
05E,B6,B6BF10,B6BFBE,174,87,Text_05E_Weather_YoungBoyPutLivestockInside
05F,B6,B6BFBE,B6C120,354,177,Text_05F_Animal_KnowCowsGiveMoreMilk
060,B6,B6C120,B6C1DA,186,93,Text_060_Dialog_RedoLifeMightHaveSecond
061,B6,B6C1DA,B6C2C2,232,116,Text_061_Church_AskingIfGotoChurchGod
062,B6,B6C2C2,B6C358,150,75,Text_062_Romance_TheresUsefulBookOverAbout
063,B6,B6C358,B6C456,254,127,Text_063_Sign_AlsoMidwifeKnowMayorsDaughter
064,B6,B6C456,B6C550,250,125,Text_064_Dialog_GrownUpsAlwaysMakeRule
065,B6,B6C550,B6C5C8,120,60,Text_065_Romance_HmmmLoveMariasSisterCantbe
066,B6,B6C5C8,B6C6C6,254,127,Text_066_Sign_GatherManyThingsIntheMountain
067,B6,B6C6C6,B6C720,90,45,Text_067_Dialog_GotDate
068,B6,B6C720,B6C81E,254,127,Text_068_Romance_YoudBetterReadBookWritten
069,B6,B6C81E,B6C868,74,37,Text_069_Dialog_YeahWelcomeMakeYourselfatHome
06A,B6,B6C868,B6C932,202,101,Text_06A_Shop_ThingsGirlsLikeFlowersSweets
06B,B6,B6C932,B6C9B2,128,64,Text_06B_Romance_LoveMariaWishMyBride
06C,B6,B6C9B2,B6CA1C,106,53,Text_06C_Church_AlwaysPrayGrownUpVery
06D,B6,B6CA1C,B6CA96,122,61,Text_06D_Dialog_DateDateWalkAll
06E,B6,B6CA96,B6CB22,140,70,Text_06E_Shipping_PutCropsShippingBoxCollect
06F,B6,B6CB22,B6CBCE,172,86,Text_06F_Animal_UseToolLoseStaminaBut
070,B6,B6CBCE,B6CC1A,76,38,Text_070_Dialog_DrinkAfterWorkBest
071,B6,B6CC1A,B6CD04,234,117,Text_071_Shipping_ThingsShipFlowersAnimalsPerishables
072,B6,B6CD04,B6CDD0,204,102,Text_072_Shipping_EvenIfPutShippingGoods
073,B6,B6CDD0,B6CE5A,138,69,Text_073_Shipping_CollectShippingGoodsEvenShed
074,B6,B6CE5A,B6CF4A,240,120,Text_074_Weather_ShallWatchWeatherForecastYoud
075,B6,B6CF4A,B6CFE6,156,78,Text_075_Church_MuchEasierLiveIfWas
076,B6,B6CFE6,B6D07C,150,75,Text_076_Diary_AnythingHappenLivesCaseYoud
077,B6,B6D07C,B6D144,200,100,Text_077_Romance_KnowMoneyImportantButMost
078,B6,B6D144,B6D27A,310,155,Text_078_Shipping_WanderingPeddlerButOftenSell
079,B6,B6D27A,B6D358,222,111,Text_079_Weather_FencesEasyBreakAfterRain
07A,B6,B6D358,B6D44E,246,123,Text_07A_Sign_LiveMountainsHuntingAnimalsEve
07B,B6,B6D44E,B6D4F8,170,85,Text_07B_Mountain_HaveHeardPowerBerryEat
07C,B6,B6D4F8,B6D59A,162,81,Text_07C_Weather_RainsMustKeepoffTopMountain
07D,B6,B6D59A,B6D604,106,53,Text_07D_Mountain_SomeMushroomsPoisonousCareful
07E,B6,B6D604,B6D678,116,58,Text_07E_Mountain_WantFishC
07F,B6,B6D678,B6D6D6,94,47,Text_07F_Manual_UseMyFishingRodUse
080,B6,B6D6D6,B6D75E,136,68,Text_080_Shipping_PrettyGoodTastesGoodSells
081,B6,B6D75E,B6D77E,32,16,Text_081_Dialog_VisitUsAgain
082,B6,B6D77E,B6D7B8,58,29,Text_082_Dialog_FineDayToday
083,B6,B6D7B8,B6D816,94,47,Text_083_Romance_HotEveryDayButDoing
084,B6,B6D816,B6D860,74,37,Text_084_Romance_SomehowLoveAutumnScenery
085,B6,B6D860,B6D896,54,27,Text_085_Dialog_HopeItllSpringSoon
086,B6,B6D896,B6D906,112,56,Text_086_Church_BelieveGodC
087,B6,B6D906,B6D99A,148,74,Text_087_Church_UnusualTheseDaysComeChurch
088,B6,B6D99A,B6DA34,154,77,Text_088_Church_WhetherGodExistsMoreBelief
089,B6,B6DA34,B6DABE,138,69,Text_089_Dialog_TakeCareYourselfnotWornDown
08A,B6,B6DABE,B6DB56,152,76,Text_08A_Romance_ExcuseMeLoveKidsLove
08B,B6,B6DB56,B6DBDC,134,67,Text_08B_Romance_LoveKidsTooMyDream
08C,B6,B6DBDC,B6DBEA,14,7,Text_08C_Dialog_Oh
08D,B6,B6DBEA,B6DC76,140,70,Text_08D_Dialog_PrettyColdTakeCareYourself
08E,B6,B6DC76,B6DD0E,152,76,Text_08E_Church_HaveComeListenPriestC
08F,B6,B6DD0E,B6DD2E,32,16,Text_08F_Dialog_Devout
090,B6,B6DD2E,B6DD7E,80,40,Text_090_Animal_ThenPray
091,B6,B6DD7E,B6DDFE,128,64,Text_091_Weather_WelcomeRainHaveaLotRain
092,B6,B6DDFE,B6DE70,114,57,Text_092_Dialog_UumComeOvertoRanchSome
093,B6,B6DE70,B6DF20,176,88,Text_093_Dialog_LonelyLivingBigPlaceLittle
094,B6,B6DF20,B6DF84,100,50,Text_094_Dialog_UumIfNothingGGood
095,B6,B6DF84,B6E008,132,66,Text_095_Dialog_SeeSorryMeanAskAnything
096,B6,B6E008,B6E066,94,47,Text_096_Dialog_GoingMakeGreatToolsLike
097,B6,B6E066,B6E150,234,117,Text_097_Sign_ItllShowcasedShopOneThese
098,B6,B6E150,B6E164,20,10,Text_098_Dialog_TrustMe
099,B6,B6E164,B6E19C,56,28,Text_099_Dialog_TrustMe
09A,B6,B6E19C,B6E220,132,66,Text_09A_Dialog_SeemsLittleDifferentPlanHad
09B,B6,B6E220,B6E2AE,142,71,Text_09B_Romance_ActingLikeGirlAllBad
09C,B6,B6E2AE,B6E2DC,46,23,Text_09C_Dialog_Outspoken
09D,B6,B6E2DC,B6E39A,190,95,Text_09D_Romance_MyDadAlwaysTellsMe
09E,B6,B6E39A,B6E460,198,99,Text_09E_Dialog_KnowButFeelsGoodSpring
09F,B6,B6E460,B6E4A2,66,33,Text_09F_Romance_LoveSummerThoughHot
0A0,B6,B6E4A2,B6E54A,168,84,Text_0A0_Dialog_ConstantEffortImportantKnowSaysuccess
0A1,B6,B6E54A,B6E5DA,144,72,Text_0A1_Animal_LooksColdOutsideTurnsWhite
0A2,B6,B6E5DA,B6E678,158,79,Text_0A2_Dialog_HoHumBoringC
0A3,B6,B6E678,B6E6C4,76,38,Text_0A3_Diary_HumSleepyHoHum
0A4,B6,B6E6C4,B6E6F4,48,24,Text_0A4_Dialog_GeeSerious
0A5,B6,B6E6F4,B6E77E,138,69,Text_0A5_Manual_FeelRelaxedOutsideHaventOutfor
0A6,B6,B6E77E,B6E7C2,68,34,Text_0A6_Dialog_IdeaComesOutUnderThisheat
0A7,B6,B6E7C2,B6E7FC,58,29,Text_0A7_Dialog_LetsBestShall
0A8,B6,B6E7FC,B6E84E,82,41,Text_0A8_Weather_MountainCoveredWithsnowNow
0A9,B6,B6E84E,B6E8CC,126,63,Text_0A9_Weather_HateRainFeelsDepressingLike
0AA,B6,B6E8CC,B6EA14,328,164,Text_0AA_Romance_MyDadTellsMeGet
0AB,B6,B6EA14,B6EB9E,394,197,Text_0AB_Animal_LookAutomaticPuddingMakerPut
0AC,B6,B6EB9E,B6EBDE,64,32,Text_0AC_Dialog_SmellsWonderful
0AD,B6,B6EBDE,B6ECA2,196,98,Text_0AD_Dialog_SayMuchQuickerTomakePudding
0AE,B6,B6ECA2,B6ED0A,104,52,Text_0AE_Animal_LoveSpringAllFlowersStart
0AF,B6,B6ED0A,B6ED94,138,69,Text_0AF_Town_LikeFlowersC
0B0,B6,B6ED94,B6EDC8,52,26,Text_0B0_Romance_YeahNinaLovesToo
0B1,B6,B6EDC8,B6EDD6,14,7,Text_0B1_Dialog_Ugh
0B2,B6,B6EDD6,B6EE78,162,81,Text_0B2_Shipping_AutumnWinterOffSeasonUs
0B3,B6,B6EE78,B6EF5A,226,113,Text_0B3_Romance_BelieveFlowerWhichBloomsWinter
0B4,B6,B6EF5A,B6EF86,44,22,Text_0B4_Dialog_MustBeautiful
0B5,B6,B6EF86,B6F02A,164,82,Text_0B5_Sign_LetMeTellCodeForthe
0B6,B6,B6F02A,B6F0C6,156,78,Text_0B6_Romance_GuessHappyIfGaveFlowerto
0B7,B6,B6F0C6,B6F16E,168,84,Text_0B7_Sign_MountainsSeasonBeautifulManyFruits
0B8,B6,B6F16E,B6F212,164,82,Text_0B8_Dialog_DesertedWinterButExperienceJoysof
0B9,B6,B6F212,B6F2CC,186,93,Text_0B9_Sign_HerbInnerPartCaveWorks
0BA,B6,B6F2CC,B6F332,102,51,Text_0BA_Sign_FlowerSoldShopRaise
0BB,B6,B6F332,B6F3B4,130,65,Text_0BB_Shipping_CollectingFallenLeavestoMakeManure
0BC,B6,B6F3B4,B6F462,174,87,Text_0BC_Weather_PlantsAliveUnderSnowWonderful
0BD,B6,B6F462,B6F4B8,86,43,Text_0BD_Dialog_HumanAnimalsPlantsAllAlive
0BE,B6,B6F4B8,B6F4CC,20,10,Text_0BE_Dialog_Great
0BF,B6,B6F4CC,B6F558,140,70,Text_0BF_Festival_KnowBusyWorkingButTry
0C0,B6,B6F558,B6F5D6,126,63,Text_0C0_Weather_KindLikeRainyDaysLeaves
0C1,B6,B6F5D6,B6F72E,344,172,Text_0C1_Animal_FlowersEdibleUsedMedicinalPurposes
0C2,B6,B6F72E,B6F84E,288,144,Text_0C2_Dialog_HeardWasSecretGardenRanch
0C3,B6,B6F84E,B6F87C,46,23,Text_0C3_Dialog_WowHardlyWait
0C4,B6,B6F87C,B6F8CA,78,39,Text_0C4_Dialog_MeanForget
0C5,B6,B6F8CA,B6F904,58,29,Text_0C5_Dialog_AlwaysLookFine
0C6,B6,B6F904,B6F98E,138,69,Text_0C6_Dialog_HaveLittleBirdNameP
0C7,B6,B6F98E,B6FA10,130,65,Text_0C7_Romance_LikeSweetsLoveC
0C8,B6,B6FA10,B6FAAE,158,79,Text_0C8_Dialog_GoodMakingSweetsHopeCook
0C9,B6,B6FAAE,B6FAC4,22,11,Text_0C9_Dialog_Sorry
0CA,B6,B6FAC4,B6FB4A,134,67,Text_0CA_Romance_StillnessWinterMakesMeCalm
0CB,B6,B6FB4A,B6FBDC,146,73,Text_0CB_Romance_LikeAnimalsLoveLikeC
0CC,B6,B6FBDC,B6FC0E,50,25,Text_0CC_Romance_LoveAnimalsToo
0CD,B6,B6FC0E,B6FC94,134,67,Text_0CD_Town_LyingAnimalsTakePeopleWho
0CE,B6,B6FC94,B6FD32,158,79,Text_0CE_Animal_EiBarkWildDogswhenCome
0CF,B6,B6FD32,B6FE84,338,169,Text_0CF_Dialog_HardLookAfterAnimalsAlways
0D0,B6,B6FE84,B6FF34,176,88,Text_0D0_Romance_AlwaysRunningAroundLookFine
0D1,B6,B6FF34,B70000,204,102,Text_0D1_Dialog_HopeMyDadStaysHealthy
0D2,B7,B78000,B780AE,174,87,Text_0D2_Dialog_MyUncleLikedMakeFriends
0D3,B7,B780AE,B78184,214,107,Text_0D3_Dialog_GladExcuseHimBeingMeddlesome
0D4,B7,B78184,B781D6,82,41,Text_0D4_Dialog_HesStrictButBasicallyGood
0D5,B7,B781D6,B78282,172,86,Text_0D5_Dialog_TooSoakedMightCatchCold
0D6,B7,B78282,B782C4,66,33,Text_0D6_Dialog_ComeDadLetsGoHomenow
0D7,B7,B782C4,B78322,94,47,Text_0D7_Dialog_OtherwiseMomGetMad
0D8,B7,B78322,B7837C,90,45,Text_0D8_Animal_TasteMyNewCakeBaked
0D9,B7,B7837C,B78422,166,83,Text_0D9_Dialog_BakedNewCakeHaveBite
0DA,B7,B78422,B784DE,188,94,Text_0DA_Sign_GoodCheesecakeThinkGoodEnough
0DB,B7,B784DE,B78562,132,66,Text_0DB_Romance_LookPrettyBusyHopeEverythings
0DC,B7,B78562,B785FA,152,76,Text_0DC_Dialog_CoincidenceMeetC
0DD,B7,B785FA,B78610,22,11,Text_0DD_Dialog_TeeHee
0DE,B7,B78610,B786E2,210,105,Text_0DE_Shop_WowCoincidenceWereWaitingMe
0DF,B7,B786E2,B7877A,152,76,Text_0DF_Sign_CameShopSorryButToo
0E0,B7,B7877A,B787CC,82,41,Text_0E0_Weather_CameRainGlad
0E1,B7,B787CC,B787FE,50,25,Text_0E1_Dialog_GrandPaStrict
0E2,B7,B787FE,B788D2,212,106,Text_0E2_Dialog_PrettyDaringShallWashBack
0E3,B7,B788D2,B78900,46,23,Text_0E3_Dialog_Kidding
0E4,B7,B78900,B78930,48,24,Text_0E4_Dialog_HeeHee
0E5,B7,B78930,B78962,50,25,Text_0E5_Dialog_LookFineToday
0E6,B7,B78962,B78A1E,188,94,Text_0E6_Dialog_MyHomeMadeFruitJuice
0E7,B7,B78A1E,B78A7C,94,47,Text_0E7_Dialog_TeeHeeKissIfDrink
0E8,B7,B78A7C,B78AFC,128,64,Text_0E8_Shop_BarAhaWantSeeMe
0E9,B7,B78AFC,B78B42,70,35,Text_0E9_Dialog_GetCoolNight
0EA,B7,B78B42,B78B72,48,24,Text_0EA_Dialog_ThanksLotToday
0EB,B7,B78B72,B78BA6,52,26,Text_0EB_Dialog_LikeAlone
0EC,B7,B78BA6,B78C28,130,65,Text_0EC_Sign_SometimesGoMountainsGatherSome
0ED,B7,B78C28,B78CEA,194,97,Text_0ED_Animal_WasntColdOutsideColdBetter
0EE,B7,B78CEA,B78D94,170,85,Text_0EE_Dialog_SawRanchOtherDayNoticeme
0EF,B7,B78D94,B78E84,240,120,Text_0EF_Dialog_StandAloneinHugePlaceFeel
0F0,B7,B78E84,B78FE8,356,178,Text_0F0_Weather_MuchBetterHaveSomeoneAround
0F1,B7,B78FE8,B7908A,162,81,Text_0F1_Dialog_SureLiveAloneButitsLike
0F2,B7,B7908A,B79138,174,87,Text_0F2_Dialog_OneWhoSupposedWorkRanch
0F3,B7,B79138,B792E6,430,215,Text_0F3_Shipping_MrEjChargeShippingCome
0F4,B7,B792E6,B7946E,392,196,Text_0F4_Dialog_ManagingTheranchAloneSeparatelyParents
0F5,B7,B7946E,B795F8,394,197,Text_0F5_Town_MayorTownPleasureMeetSome
0F6,B7,B795F8,B7973C,324,162,Text_0F6_Animal_GrandfatherHelpedMeThoseDays
0F7,B7,B7973C,B7982E,242,121,Text_0F7_Church_HardButGiveUpYeah
0F8,B7,B7982E,B79872,68,34,Text_0F8_Romance_CuteGirlLonghair
0F9,B7,B79872,B7991C,170,85,Text_0F9_Romance_HaventSeenBeforeComeRanch
0FA,B7,B7991C,B79972,86,43,Text_0FA_Dialog_MayHardFirstButGive
0FB,B7,B79972,B79AAA,312,156,Text_0FB_Town_HeardSomethingHeardFaintSound
0FC,B7,B79AAA,B79AC0,22,11,Text_0FC_Dialog_HeHello
0FD,B7,B79AC0,B79C02,322,161,Text_0FD_Sign_PriestChurchAskQuestionsPeople
0FE,B7,B79C02,B79CC2,192,96,Text_0FE_Dialog_YoullHavePlentyChallengesBut
0FF,B7,B79CC2,B79E1E,348,174,Text_0FF_Town_YearOverTodayWasYear
100,B7,B79E1E,B79EDE,192,96,Text_100_Sign_ShippingBoxLivestockAfterTalking
101,B7,B79EDE,B79FBA,220,110,Text_101_Manual_ToolsShedPenPickUp
102,B7,B79FBA,B7A098,222,111,Text_102_Dialog_UnfortunatelyTheresNothingSaleBut
103,B7,B7A098,B7A12C,148,74,Text_103_Romance_HehOwnerRanchAnnNice
104,B7,B7A12C,B7A1D6,170,85,Text_104_Diary_StaminaDecreasesUseToolsEat
105,B7,B7A1D6,B7A370,410,205,Text_105_Manual_WentRanchIfGoingRaise
106,B7,B7A370,B7A3DA,106,53,Text_106_Manual_VegetableSeedsSoonComeAgain
107,B7,B7A3DA,B7A4FC,290,145,Text_107_Romance_NinaTheseCropsMustSowed
108,B7,B7A4FC,B7A57A,126,63,Text_108_Dialog_HavePlowGroundMakeField
109,B7,B7A57A,B7A5FA,128,64,Text_109_Romance_WelcomeYoudBetterEatEveryday
10A,B7,B7A5FA,B7A650,86,43,Text_10A_Dialog_MustHardKnowButtryBest
10B,B7,B7A650,B7A698,72,36,Text_10B_Dialog_PuffHicHaveSeenBefore
10C,B7,B7A698,B7A878,480,240,Text_10C_Animal_SonHaveHaveMeadowBuy
10D,B7,B7A878,B7A960,232,116,Text_10D_Animal_FirstMustHavePlentyGrass
10E,B7,B7A960,B7AA7E,286,143,Text_10E_Manual_HowdyPutThoseCowsPen
10F,B7,B7AA7E,B7ABB4,310,155,Text_10F_Shipping_WanderingPeddlerHaveAnythingSell
110,B7,B7ABB4,B7AC52,158,79,Text_110_Romance_GirlsTownAllCuteGood
111,B7,B7AC52,B7AE14,450,225,Text_111_Animal_HohohoMisterKnowBeginFirst
112,B7,B7AE14,B7AF62,334,167,Text_112_Animal_OverextendYourselfTiredGoBed
113,B7,B7AF62,B7B016,180,90,Text_113_Weather_MrsFortuneTellersWordsAlways
114,B7,B7B016,B7B068,82,41,Text_114_Romance_EllenNiceMeeting
115,B7,B7B068,B7B148,224,112,Text_115_Dialog_HeirRanchWonderIfManage
116,B7,B7B148,B7B1E4,156,78,Text_116_Sign_BarClosedTodayUsuallyOpen
117,B7,B7B1E4,B7B276,146,73,Text_117_Dialog_GoingBackRanchYetC
118,B7,B7B276,B7B376,256,128,Text_118_Weather_ThenGiveLiftTraineeShipping
119,B7,B7B376,B7B3BA,68,34,Text_119_Animal_LetMeKnowGoHome
11A,B7,B7B3BA,B7B42C,114,57,Text_11A_Dialog_SuggestListenVillagersLittleMore
11B,B7,B7B42C,B7B508,220,110,Text_11B_Romance_YouveComeHauntedRanchTee
11C,B7,B7B508,B7B574,108,54,Text_11C_Dialog_BestThingRecoverFatigueRelax
11D,B7,B7B574,B7B5B8,68,34,Text_11D_Dialog_WelcomeMakeYourselfHome
11E,B7,B7B5B8,B7B67E,198,99,Text_11E_Shop_EveDrawingCardBarPretty
11F,B7,B7B67E,B7B6A8,42,21,Text_11F_Dialog_StillFine
120,B7,B7B6A8,B7B700,88,44,Text_120_Romance_GoodEveningFanEvesKnow
121,B7,B7B700,B7B7F8,248,124,Text_121_Romance_EveWorksNightSupposeKinda
122,B7,B7B7F8,B7B936,318,159,Text_122_Sign_EveLostParentsHergrandfatherWho
123,B7,B7B936,B7B9CA,148,74,Text_123_Romance_MayMissHimTooBut
124,B7,B7B9CA,B7B9E2,24,12,Text_124_Dialog_KoroWait
125,B7,B7B9E2,B7BBD2,496,248,Text_125_Animal_PuffPuffRunSuddenlyMr
126,B7,B7BBD2,B7BC90,190,95,Text_126_Dialog_ThankVeryMuchHaveNew
127,B7,B7BC90,B7BD58,200,100,Text_127_Dialog_NewcomerRancherSomethingYoungBoy
128,B7,B7BD58,B7BDF0,152,76,Text_128_Animal_CarpentersComeUsWantEnlarge
129,B7,B7BDF0,B7BEF8,264,132,Text_129_Sign_ExtensionHouseCallUsHave
12A,B7,B7BEF8,B7C000,264,132,Text_12A_Dialog_NowExtensionCampaignIfEnlargeyour
12B,B7,B7C000,B7C14C,332,166,Text_12B_Mountain_AnglerLivePerfectFreedomBetter
12C,B7,B7C14C,B7C1AA,94,47,Text_12C_Mountain_PrepareFishingRodNextTime
12D,B7,B7C1AA,B7C1FA,80,40,Text_12D_Dialog_WhatsUpHowsWorkGoing
12E,B7,B7C1FA,B7C27E,132,66,Text_12E_Sign_GatherMaterialsChoppingLogsMountain
12F,B7,B7C27E,B7C316,152,76,Text_12F_Dialog_AlsoUseMaterialsFenceAlways
130,B7,B7C316,B7C39E,136,68,Text_130_Dialog_WantEnlargeHouseC
131,B7,B7C39E,B7C3EA,76,38,Text_131_Dialog_RanchTomorrow
132,B7,B7C3EA,B7C440,86,43,Text_132_Animal_LetMeKnowWheneverWant
133,B7,B7C440,B7C4E0,160,80,Text_133_Dialog_LikeLivingSuperDeluxeGreat
134,B7,B7C4E0,B7C5D0,240,120,Text_134_Dialog_CostsGEnlargeHouseTake
135,B7,B7C5D0,B7C61C,76,38,Text_135_Dialog_AlrightStartOffTomorrow
136,B7,B7C61C,B7C660,68,34,Text_136_Dialog_CallMeAgainAnyTime
137,B7,B7C660,B7C88E,558,279,Text_137_Sign_MyGodTheresEnoughMaterials
138,B7,B7C88E,B7C952,196,98,Text_138_Manual_ChopStumpsAxeMakeMaterials
139,B7,B7C952,B7C98C,58,29,Text_139_Dialog_HeeHeeLookForward
13A,B7,B7C98C,B7C9EC,96,48,Text_13A_Dialog_BuildTerrificOneLookForward
13B,B7,B7C9EC,B7CADC,240,120,Text_13B_Dialog_CostsGEnlargeHouseTake
13C,B7,B7CADC,B7CB28,76,38,Text_13C_Dialog_Have
13D,B7,B7CB28,B7CBB0,136,68,Text_13D_Romance_LookExcellentHouseCalledSuper
13E,B7,B7CBB0,B7CBFA,74,37,Text_13E_Romance_WhatsHappenedEveTonight
13F,B7,B7CBFA,B7CCA6,172,86,Text_13F_Shipping_NinasMotherCollapsedFromfeverSell
140,B7,B7CCA6,B7CD82,220,110,Text_140_Romance_FinishedLookSuperDeluxeGreat
141,B7,B7CD82,B7CE7C,250,125,Text_141_Dialog_SayHeardRareSeedGrows
142,B7,B7CE7C,B7CF62,230,115,Text_142_Sign_WasScaredEarthquakeMorningCome
143,B7,B7CF62,B7CF94,50,25,Text_143_Romance_LikeNina
144,B7,B7CF94,B7D074,224,112,Text_144_Dialog_TodayLastDayYearSeems
145,B7,B7D074,B7D11E,170,85,Text_145_Dialog_ScheduledDateHasAlreadyPassed
146,B7,B7D11E,B7D1D0,178,89,Text_146_Animal_LongWinterFinallyOverAnimals
147,B7,B7D1D0,B7D21A,74,37,Text_147_Dialog_YeahFeltDizzy
148,B7,B7D21A,B7D3E0,454,227,Text_148_Animal_WanderingHawkerTodayHaveVery
149,B7,B7D3E0,B7D5BA,474,237,Text_149_Animal_WanderingHawkerTodayHaveVery
14A,B7,B7D5BA,B7D63C,130,65,Text_14A_Animal_ThenCowNowMineHawker
14B,B7,B7D63C,B7D76A,302,151,Text_14B_Sign_CowMineNowPutSeed
14C,B7,B7D76A,B7D836,204,102,Text_14C_Dialog_HardheartedCustomerWanderingHawkerHawker
14D,B7,B7D836,B7DA28,498,249,Text_14D_Shop_PeddlerWindSeedTreeGrows
14E,B7,B7DA28,B7DAA6,126,63,Text_14E_Dialog_NowPlantedMisterLookForward
14F,B7,B7DAA6,B7DB4C,166,83,Text_14F_Dialog_SureGuaranteeRegretRestLife
150,B7,B7DB4C,B7DBAA,94,47,Text_150_Weather_ToughWeatherGloomy
151,B7,B7DBAA,B7DBCA,32,16,Text_151_Dialog_BusyBusy
152,B7,B7DBCA,B7DC48,126,63,Text_152_Dialog_WayBackConnectedWorldBelow
153,B7,B7DC48,B7DCCA,130,65,Text_153_Dialog_GoodLordWhatsHappeningPlace
154,B7,B7DCCA,B7DD2E,100,50,Text_154_Weather_SayHurricaneComingTomorrow
155,B7,B7DD2E,B7DD9A,108,54,Text_155_Dialog_WindBlowingHarderMakesMe
156,B7,B7DD9A,B7DE40,166,83,Text_156_Weather_SkyLooksThreateningProbablyHave
157,B7,B7DE40,B7DEEA,170,85,Text_157_Weather_KnowButGetExcitedSomething
158,B7,B7DEEA,B7DF72,136,68,Text_158_Weather_WindBlowingHarderNowLike
159,B7,B7DF72,B7DFFE,140,70,Text_159_Weather_RainButHurricaneBecauseBlows
15A,B7,B7DFFE,B7E0A0,162,81,Text_15A_Weather_YoudBetterPrayGodDamage
15B,B7,B7E0A0,B7E194,244,122,Text_15B_Weather_SonHurricaneGettingNearHave
15C,B7,B7E194,B7E1EA,86,43,Text_15C_Romance_KnowEvenIfYoung
15D,B7,B7E1EA,B7E296,172,86,Text_15D_Dialog_IdiotDoingGoHomePut
15E,B7,B7E296,B7E330,154,77,Text_15E_Weather_HangingAroundKnowHurricaneComing
15F,B7,B7E330,B7E3D6,166,83,Text_15F_Animal_HavePutLivestockPenLets
160,B7,B7E3D6,B7E41C,70,35,Text_160_Dialog_ImpossibleGoOutToday
161,B7,B7E41C,B7E4A2,134,67,Text_161_Weather_ThankGodWasOnlySlight
162,B7,B7E4A2,B7E514,114,57,Text_162_Weather_ThinkPreciousWeatherCockWas
163,B7,B7E514,B7E54C,56,28,Text_163_Romance_GladEverybodyFine
164,B7,B7E54C,B7E57A,46,23,Text_164_Dialog_RanchAlright
165,B7,B7E57A,B7E5CA,80,40,Text_165_Dialog_WasAwfulOursAlright
166,B7,B7E5CA,B7E660,150,75,Text_166_Dialog_LetsLookAroundRanchTrouble
167,B7,B7E660,B7E714,180,90,Text_167_Dialog_EarthquakeLastNightRegisteredRichter
168,B7,B7E714,B7E762,78,39,Text_168_Dialog_YoudBetterInspect
169,B7,B7E762,B7E7C2,96,48,Text_169_Dialog_EarthquakeNotice
16A,B7,B7E7C2,B7E8C0,254,127,Text_16A_Sign_WonderMyGrandpaDoingLot
16B,B7,B7E8C0,B7E916,86,43,Text_16B_Dialog_WasSurprisedRanchAlright
16C,B7,B7E916,B7E9E0,202,101,Text_16C_Weather_CowsSimpleKeepOutGround
16D,B7,B7E9E0,B7EACC,236,118,Text_16D_Romance_SeemsChangesEverywhereCausedEarthquake
16E,B7,B7EACC,B7EB62,150,75,Text_16E_Dialog_BigRockOutCollapsedEarthquake
16F,B7,B7EB62,B7EBB0,78,39,Text_16F_Dialog_WasPrettySurprised
170,B7,B7EBB0,B7EC0C,92,46,Text_170_Dialog_ListenGoThroughRock
171,B7,B7EC0C,B7ECC8,188,94,Text_171_Dialog_MightAbleGoEndRanch
172,B7,B7ECC8,B7ED9C,212,106,Text_172_Animal_HaveSeenMoleScaresCows
173,B7,B7ED9C,B7EDB8,28,14,Text_173_Dialog_Happy
174,B7,B7EDB8,B7EE04,76,38,Text_174_Dialog_HaventThoughtAboutitYet
175,B7,B7EE04,B7EE2E,42,21,Text_175_Dialog_SureMe
176,B7,B7EE2E,B7EE52,36,18,Text_176_Dialog_YoureKidding
177,B7,B7EE52,B7EE66,20,10,Text_177_Dialog_YesYou
178,B7,B7EE66,B7EEA0,58,29,Text_178_Dialog_AfraidTooEarly
179,B7,B7EEA0,B7EEC2,34,17,Text_179_Dialog_WhatYes
17A,B7,B7EEC2,B7EF2C,106,53,Text_17A_Dialog_AllTooSuddenKnow
17B,B7,B7EF2C,B7EF64,56,28,Text_17B_Dialog_TitterAlrightSay
17C,B7,B7EF64,B7EF9C,56,28,Text_17C_Dialog_StillTooEarly
17D,B7,B7EF9C,B7F01C,128,64,Text_17D_Dialog_GoodMorningDaDarlingHappy
17E,B7,B7F01C,B7F044,40,20,Text_17E_Dialog_JmClCnGo
17F,B7,B7F044,B7F06A,38,19,Text_17F_Dialog_TooLate
180,B7,B7F06A,B7F0B4,74,37,Text_180_Dialog_ThankTroubleDarling
181,B7,B7F0B4,B7F0EC,56,28,Text_181_Diary_WorkHardTodayToo
182,B7,B7F0EC,B7F130,68,34,Text_182_Dialog_GotMyBestTodayalso
183,B7,B7F130,B7F190,96,48,Text_183_Diary_WorkHardGiveHouseGood
184,B7,B7F190,B7F220,144,72,Text_184_Dialog_StrangeSameSkyButWind
185,B7,B7F220,B7F29A,122,61,Text_185_Dialog_TryMyBestMakeSomething
186,B7,B7F29A,B7F354,186,93,Text_186_Dialog_TakeCareThoseToolsToo
187,B7,B7F354,B7F416,194,97,Text_187_Animal_AutoMilkingYogurtMakerSpecial
188,B7,B7F416,B7F4A2,140,70,Text_188_Dialog_TimeGoesQuicklyFeelLike
189,B7,B7F4A2,B7F538,150,75,Text_189_Weather_WeatherBeautifulLetsGoPicnic
18A,B7,B7F538,B7F5C6,142,71,Text_18A_Dialog_LaLaLaLaLa
18B,B7,B7F5C6,B7F684,190,95,Text_18B_Sign_MysteriousFlowerMountainSomedayDreaming
18C,B7,B7F684,B7F778,244,122,Text_18C_Dialog_GoodMorningSweetheartWasSparrow
18D,B7,B7F778,B7F7E2,106,53,Text_18D_Romance_WantCookDeliciousMealsEvery
18E,B7,B7F7E2,B7F8C2,224,112,Text_18E_Dialog_EpMayDescendedOfaThoroughbred
18F,B7,B7F8C2,B7F8F4,50,25,Text_18F_Dialog_SpringWonderful
190,B7,B7F8F4,B7F9C2,206,103,Text_190_Dialog_GraduallyGettingUsedLivingLonely
191,B7,B7F9C2,B7FA70,174,87,Text_191_Sign_ManyKindsAnimalsMountainGive
192,B7,B7FA70,B7FABA,74,37,Text_192_Romance_CookEvening
193,B7,B7FABA,B7FAEC,50,25,Text_193_Dialog_HoneyWork
194,B7,B7FAEC,B7FB32,70,35,Text_194_Dialog_SundaysRanch
195,B7,B7FB32,B7FB92,96,48,Text_195_Dialog_WarmSuchComfortableSunday
196,B7,B7FB92,B7FBD6,68,34,Text_196_Dialog_WorkDayLike
197,B7,B7FBD6,B7FC52,124,62,Text_197_Weather_RainingHardOutsideMightCatch
198,B7,B7FC52,B7FCA2,80,40,Text_198_Weather_SnowHardlyWaitforSpring
199,B7,B7FCA2,B7FCF2,80,40,Text_199_Dialog_QuietLikeTimeStops
19A,B7,B7FCF2,B7FD48,86,43,Text_19A_Dialog_GoingBackMyParentsHome
19B,B7,B7FD48,B7FD9A,82,41,Text_19B_Dialog_CamePickMeUpSorry
19C,B7,B7FD9A,B7FDF4,90,45,Text_19C_Dialog_AngryAnyMoreOnlyLittle
19D,B7,B7FDF4,B7FE1A,38,19,Text_19D_Dialog_WaaaMissed
19E,B7,B7FE1A,B7FE7C,98,49,Text_19E_Dialog_BackHonestWasSorry
19F,B7,B7FE7C,B7FF22,166,83,Text_19F_Dialog_KnowGetMadatBecauseyouAlways
1A0,B7,B7FF22,B7FFA0,126,63,Text_1A0_Dialog_DarlingShallPaintHouseBeautiful
1A1,B7,B7FFA0,B80000,96,48,Text_1A1_Dialog_HasBecomePrettyHouse
1A2,B8,B88000,B8809C,156,78,Text_1A2_Dialog_UummmmSayUmmGuessPregnant
1A3,B8,B8809C,B880E2,70,35,Text_1A3_Dialog_ItllBornSomeTimeLater
1A4,B8,B880E2,B8812E,76,38,Text_1A4_Dialog_ThinkNameFortheBaby
1A5,B8,B8812E,B88186,88,44,Text_1A5_Dialog_FeelMyBodyBecomingLittle
1A6,B8,B88186,B881D4,78,39,Text_1A6_Romance_WonderIfBoyorGirl
1A7,B8,B881D4,B8821E,74,37,Text_1A7_Dialog_KnowWalkAroundMuch
1A8,B8,B8821E,B8828C,110,55,Text_1A8_Dialog_FeelStrangeGoingHaveBaby
1A9,B8,B8828C,B882C4,56,28,Text_1A9_Dialog_GetOutMyWayGet
1AA,B8,B882C4,B88374,176,88,Text_1AA_Dialog_HoneyWorryGoWorkC
1AB,B8,B88374,B88396,34,17,Text_1AB_Dialog_Alright
1AC,B8,B88396,B883CE,56,28,Text_1AC_Dialog_MeThank
1AD,B8,B883CE,B883EA,28,14,Text_1AD_Dialog_UughUugh
1AE,B8,B883EA,B88432,72,36,Text_1AE_Church_MyGodBabyComing
1AF,B8,B88432,B8845C,42,21,Text_1AF_Dialog_FalteringFaltering
1B0,B8,B8845C,B88478,28,14,Text_1B0_Dialog_TakeEasy
1B1,B8,B88478,B884A8,48,24,Text_1B1_Dialog_WalkingAbout
1B2,B8,B884A8,B8853C,148,74,Text_1B2_Dialog_GuessGotOldEnoughAble
1B3,B8,B8853C,B88556,26,13,Text_1B3_Dialog_WaahWaah
1B4,B8,B88556,B885B2,92,46,Text_1B4_Dialog_HoHoHoVeryHealthy
1B5,B8,B885B2,B885C0,14,7,Text_1B5_Dialog_Great
1B6,B8,B885C0,B8861E,94,47,Text_1B6_Dialog_PhewHaventNervousYears
1B7,B8,B8861E,B8869C,126,63,Text_1B7_Romance_LooksLikeNinaButHas
1B8,B8,B8869C,B886E8,76,38,Text_1B8_Animal_RemindsMeNinaWasBorn
1B9,B8,B886E8,B88734,76,38,Text_1B9_Animal_RemindsMeEveWasBorn
1BA,B8,B88734,B88768,52,26,Text_1BA_Dialog_DarlingNameHim
1BB,B8,B88768,B887AE,70,35,Text_1BB_Dialog_ThankHoneyHappy
1BC,B8,B887AE,B88800,82,41,Text_1BC_Dialog_JqCmCrGsBaby
1BD,B8,B88800,B8888A,138,69,Text_1BD_Romance_PresentGladRememberedAnniversary
1BE,B8,B8888A,B8889C,18,9,Text_1BE_Dialog_LaLaLa
1BF,B8,B8889C,B888F4,88,44,Text_1BF_Romance_JtCnCuGvGot
1C0,B8,B888F4,B88902,14,7,Text_1C0_Dialog_Dah
1C1,B8,B88902,B88914,18,9,Text_1C1_Dialog_DaDa
1C2,B8,B88914,B8892A,22,11,Text_1C2_Dialog_BooBoo
1C3,B8,B8892A,B88AC4,410,205,Text_1C3_Shop_BlueFeatherHappinessHappinessDifferent
1C4,B8,B88AC4,B88AE2,30,15,Text_1C4_Church_GodBless
1C5,B8,B88AE2,B88B7A,152,76,Text_1C5_Dialog_ConsiderManyTimesBecauseBig
1C6,B8,B88B7A,B88BB2,56,28,Text_1C6_Romance_SillyMarried
1C7,B8,B88BB2,B88C06,84,42,Text_1C7_Dialog_WhoPlayingJokeYoungMan
1C8,B8,B88C06,B88C2E,40,20,Text_1C8_Dialog_Come
1C9,B8,B88C2E,B88C82,84,42,Text_1C9_Dialog_GivingWrongPerson
1CA,B8,B88C82,B88D22,160,80,Text_1CA_Romance_HaveGiveGirlLoveGirl
1CB,B8,B88D22,B88D78,86,43,Text_1CB_Dialog_WowBlueFeatherShowMe
1CC,B8,B88D78,B88F60,488,244,Text_1CC_Animal_GoodMorningExcuseMeBothering
1CD,B8,B88F60,B88FE8,136,68,Text_1CD_Romance_MariaDadWasWrongCome
1CE,B8,B88FE8,B890FE,278,139,Text_1CE_Romance_UsuallyQuietGirlButReason
1CF,B8,B890FE,B89166,104,52,Text_1CF_Romance_SeemsMariaFatherArguedOver
1D0,B8,B89166,B8920A,164,82,Text_1D0_Sign_ThinkMariaWentUpThemountain
1D1,B8,B8920A,B892A6,156,78,Text_1D1_Mountain_MariaGoWenttoExactlyNortheast
1D2,B8,B892A6,B89308,98,49,Text_1D2_Church_RushAboutPrayingWhile
1D3,B8,B89308,B89354,76,38,Text_1D3_Romance_GirlHaventSeenAny
1D4,B8,B89354,B893D4,128,64,Text_1D4_Romance_WantTodayLookingGirl
1D5,B8,B893D4,B89486,178,89,Text_1D5_Dialog_UummNKnowSureKnow
1D6,B8,B89486,B894DC,86,43,Text_1D6_Dialog_SorryGoingHomeThank
1D7,B8,B894DC,B8951E,66,33,Text_1D7_Dialog_WhatsGoing
1D8,B8,B8951E,B89620,258,129,Text_1D8_Romance_HoHoHoMariaBack
1D9,B8,B89620,B89634,20,10,Text_1D9_Dialog_Rude
1DA,B8,B89634,B89678,68,34,Text_1DA_Dialog_LikeSmellMuch
1DB,B8,B89678,B8983E,454,227,Text_1DB_Weather_HaveSeenMyWeatherCock
1DC,B8,B8983E,B89938,250,125,Text_1DC_Weather_MadeWeatherCockFormyWife
1DD,B8,B89938,B89A38,256,128,Text_1DD_Weather_DirectionWhichWeatherCockWent
1DE,B8,B89A38,B89A6E,54,27,Text_1DE_Dialog_FindAha
1DF,B8,B89A6E,B89B24,182,91,Text_1DF_Dialog_CameBackHomeSuchAhurry
1E0,B8,B89B24,B89C2E,266,133,Text_1E0_Animal_TraditionAreaCalledBlueFeather
1E1,B8,B89C2E,B89CCC,158,79,Text_1E1_Dialog_HangingMyMemoryButPrecious
1E2,B8,B89CCC,B89D76,170,85,Text_1E2_Town_NiceYoungPeopleWantCheerful
1E3,B8,B89D76,B89E2A,180,90,Text_1E3_Sign_NinaHasntBackSinceWent
1E4,B8,B89E2A,B89E80,86,43,Text_1E4_Dialog_DadOutTakingCareMother
1E5,B8,B89E80,B89F04,132,66,Text_1E5_Town_HerbGrassTinyLittleWhite
1E6,B8,B89F04,B89FBE,186,93,Text_1E6_Romance_MmmmGirlFellDownDark
1E7,B8,B89FBE,B8A020,98,49,Text_1E7_Dialog_ThankGoodMomBetter
1E8,B8,B8A020,B8A064,68,34,Text_1E8_Dialog_MoveAnyMore
1E9,B8,B8A064,B8A12E,202,101,Text_1E9_Romance_HehHehNinaAlwaysWants
1EA,B8,B8A12E,B8A1AC,126,63,Text_1EA_Dialog_HaveDoneTimeAllPretty
1EB,B8,B8A1AC,B8A234,136,68,Text_1EB_Dialog_MyPChanGoneIf
1EC,B8,B8A234,B8A282,78,39,Text_1EC_Dialog_RecentlyCuteCustomerCame
1ED,B8,B8A282,B8A2EC,106,53,Text_1ED_Romance_EllensBirdFlewAwayPretty
1EE,B8,B8A2EC,B8A2FA,14,7,Text_1EE_Dialog_Aha
1EF,B8,B8A2FA,B8A3B8,190,95,Text_1EF_Sign_WhichDirectionBluebirdGoThink
1F0,B8,B8A3B8,B8A448,144,72,Text_1F0_Romance_EllenDependsLookAfter
1F1,B8,B8A448,B8A5DA,402,201,Text_1F1_Romance_SorryNowWasAlwaysCheered
1F2,B8,B8A5DA,B8A61E,68,34,Text_1F2_Dialog_ThankLookingMybird
1F3,B8,B8A61E,B8A66C,78,39,Text_1F3_Dialog_RecentlyNothing
1F4,B8,B8A66C,B8A69C,48,24,Text_1F4_Dialog_VeryBusy
1F5,B8,B8A69C,B8A6FC,96,48,Text_1F5_Sign_GoodGodOldHunterLocked
1F6,B8,B8A6FC,B8A72C,48,24,Text_1F6_Dialog_HelpMyGrandpa
1F7,B8,B8A72C,B8A788,92,46,Text_1F7_Diary_WeveGotSaveHimAs
1F8,B8,B8A788,B8A80E,134,67,Text_1F8_Sign_GoForwardBecauseInsideCave
1F9,B8,B8A80E,B8A870,98,49,Text_1F9_Dialog_GladMadeHesPromisingYoung
1FA,B8,B8A870,B8A8BA,74,37,Text_1FA_Manual_HaveGotHammerHammer
1FB,B8,B8A8BA,B8A986,204,102,Text_1FB_Sign_WhoEveSayGrandfatherWas
1FC,B8,B8A986,B8AA4E,200,100,Text_1FC_Romance_GroanOuchPhewTooOld
1FD,B8,B8AA4E,B8AABA,108,54,Text_1FD_Dialog_GrandpaGladToseeAlright
1FE,B8,B8AABA,B8AB14,90,45,Text_1FE_Dialog_HaveGottenOutMyself
1FF,B8,B8AB14,B8ABE8,212,106,Text_1FF_Town_GrandpaScaredMeDeathUnreasonable
200,B8,B8ABE8,B8ABFE,22,11,Text_200_Dialog_Thank
201,B8,B8ABFE,B8AD42,324,162,Text_201_Festival_FlowerFestivalTomorrowWholeTown
202,B8,B8AD42,B8AF26,484,242,Text_202_Festival_FlowerFestivalOnceUponTime
203,B8,B8AF26,B8AFD6,176,88,Text_203_Shipping_SellingWonderfulThingsFestivalTomorrow
204,B8,B8AFD6,B8B034,94,47,Text_204_Dialog_GivingPresentYear
205,B8,B8B034,B8B0F2,190,95,Text_205_Manual_GodHasTaughtUsHeart
206,B8,B8B0F2,B8B18A,152,76,Text_206_Festival_FlowerFestivalTomorrowAlsoCelebrate
207,B8,B8B18A,B8B21C,146,73,Text_207_Festival_FlowerFestivalTomorrowGoodRelax
208,B8,B8B21C,B8B2B8,156,78,Text_208_Festival_FlowerFestivalTomorrowLoveBest
209,B8,B8B2B8,B8B31E,102,51,Text_209_Shop_BuyAllUnusualStuffFestival
20A,B8,B8B31E,B8B384,102,51,Text_20A_Festival_HehLoveFestivalsLookingForward
20B,B8,B8B384,B8B408,132,66,Text_20B_Festival_OneHasGoFestivalBut
20C,B8,B8B408,B8B480,120,60,Text_20C_Shipping_SellingBottlesSomeWonderfulPerfume
20D,B8,B8B480,B8B4CA,74,37,DATA16_B8B480
20E,B8,B8B4CA,B8B63C,370,185,Text_20D_Town_MadeRoseFlowersSmellsSweet
20F,B8,B8B63C,B8B7C0,388,194,Text_20E_Shop_MadeLilacFlowersFragranceMild
210,B8,B8B7C0,B8B92E,366,183,Text_20F_Shop_MadeVioletFlowersFragranceMakes
211,B8,B8B92E,B8B9C4,150,75,Text_210_Dialog_ThankVeryMuchCarefulDrop
212,B8,B8B9C4,B8BA18,84,42,Text_211_Dialog_SeeLittleDisappointed
213,B8,B8BA18,B8BA70,88,44,Text_212_Dialog_WowThanksLotMmmmSmells
214,B8,B8BA70,B8BACE,94,47,Text_213_Dialog_MisterHaveEnoughMoney
215,B8,B8BACE,B8BCDC,526,263,Text_214_Weather_HaveVeryRareProductTime
216,B8,B8BCDC,B8BD76,154,77,Text_215_Sign_DeliverShedUseWinterMountain
217,B8,B8BD76,B8BE10,154,77,Text_216_Dialog_BitDisappointedGuaranteeHaveNext
218,B8,B8BE10,B8BE6C,92,46,Text_217_Manual_FragranceMakesPeopleFeelCalm
219,B8,B8BE6C,B8BEC4,88,44,Text_218_Animal_ComesDownBuy
21A,B8,B8BEC4,B8BF24,96,48,Text_219_Animal_FeelCalmSeeFlowersMean
21B,B8,B8BF24,B8BF8A,102,51,Text_21A_Shop_WantBuyBottlePerfumeMy
21C,B8,B8BF8A,B8BFEA,96,48,Text_21B_Romance_FragranceSoapBestGirls
21D,B8,B8BFEA,B8C04C,98,49,Text_21C_Church_SayStatueGoddessLand
21E,B8,B8C04C,B8C136,234,117,Text_21D_Sign_GoddessLandLivesThemountainVery
21F,B8,B8C136,B8C1B6,128,64,Text_21E_Church_SayGoddessOflandLivesSmall
220,B8,B8C1B6,B8C238,130,65,Text_21F_Romance_ThinkCarefullyAboutGirlsTastes
221,B8,B8C238,B8C2EC,180,90,Text_220_Animal_MyHeartWarmsUpJoys
222,B8,B8C2EC,B8C37E,146,73,Text_221_Romance_FlowersSoftenPeoplesMindsMay
223,B8,B8C37E,B8C3EA,108,54,Text_222_Church_FlowersOneMostWonderfulGifts
224,B8,B8C3EA,B8C422,56,28,Text_223_Festival_LetsDanceLaterDarling
225,B8,B8C422,B8C466,68,34,Text_224_Romance_DadWandersLikeEveryYear
226,B8,B8C466,B8C4E8,130,65,Text_225_Town_LetSeeHaveCharacterFit
227,B8,B8C4E8,B8C56A,130,65,Text_226_Romance_ProbablyLikesTypeGirlWho
228,B8,B8C56A,B8C5F6,140,70,Text_227_Dialog_SureButMightBeneatWork
229,B8,B8C5F6,B8C67C,134,67,Text_228_Town_FlowersCoverWholeTownHappy
22A,B8,B8C67C,B8C700,132,66,Text_229_Dialog_SayHappyComeVeGot
22B,B8,B8C700,B8C7D2,210,105,Text_22A_Romance_HeavenSupposeBloomingFlowersEverywhere
22C,B8,B8C7D2,B8C814,66,33,Text_22B_Festival_DanceMuchBetterNow
22D,B8,B8C814,B8C860,76,38,Text_22C_Dialog_TooMuchPerfumeMakesMe
22E,B8,B8C860,B8C914,180,90,Text_22D_Church_BelieveStoryGoddessMadeFlowers
22F,B8,B8C914,B8C998,132,66,Text_22E_Festival_WonderIfMenVeryinterestedKind
230,B8,B8C998,B8C9F8,96,48,Text_22F_Festival_GoodMerryFestivalSometimes
231,B8,B8C9F8,B8CA66,110,55,Text_230_Manual_HehHehGetRelaxedSmell
232,B8,B8CA66,B8CB52,236,118,Text_231_Church_GodsGotLittleSenseHumor
233,B8,B8CB52,B8CBFA,168,84,Text_232_Town_SayMuchPrettierThanFlowers
234,B8,B8CBFA,B8CC66,108,54,Text_233_Romance_ForgiveIfPickUpAnother
235,B8,B8CC66,B8CD94,302,151,Text_234_Festival_StartDancingNowIfHavent
236,B8,B8CD94,B8CDC8,52,26,Text_235_Dialog_NowPickUpPartner
237,B8,B8CDC8,B8CE14,76,38,Text_236_Dialog_IfHaveSomeMoreHurry
238,B8,B8CE14,B8CFBA,422,211,Text_237_Festival_NowComesYearsHarvestFestival
239,B8,B8CFBA,B8D006,76,38,Text_238_Festival_HarvestFestivalTomorrow
23A,B8,B8D006,B8D0D8,210,105,Text_239_Festival_HaveDecidedTakeFestivalWantto
23B,B8,B8D0D8,B8D14A,114,57,Text_23A_Dialog_WhatsGoodWonderIfherbsSpices
23C,B8,B8D14A,B8D1E2,152,76,Text_23B_Dialog_TakeSomethingVeryDeliciousTomorrow
23D,B8,B8D1E2,B8D280,158,79,Text_23C_Festival_HarvestFestivalTomorrowLoveSinging
23E,B8,B8D280,B8D32C,172,86,Text_23D_Festival_HaveHarvestFestivalTomorrowRight
23F,B8,B8D32C,B8D3AE,130,65,Text_23E_Festival_HarvestFestivalCelebratingYearsHarvest
240,B8,B8D3AE,B8D41E,112,56,Text_23F_Dialog_BringFoodsEatGreatHarvest
241,B8,B8D41E,B8D5E6,456,228,Text_240_Animal_HarvestFestivalTomorrowStopWork
242,B8,B8D5E6,B8D650,106,53,Text_241_Dialog_WelcomePutBroughtStewNow
243,B8,B8D650,B8D6AE,94,47,Text_242_Dialog_BringAnythingAlright
244,B8,B8D6AE,B8D6E2,52,26,Text_243_Dialog_NowWaitUntilDone
245,B8,B8D6E2,B8D748,102,51,Text_244_Dialog_StewEatGratitude
246,B8,B8D748,B8D79A,82,41,Text_245_Town_MineWasFlowersWasFairly
247,B8,B8D79A,B8D8DE,324,162,Text_246_Romance_WasDeliciousKnowHaveWife
248,B8,B8D8DE,B8DA26,328,164,Text_247_Animal_CuttingGrassCutAutumnTry
249,B8,B8DA26,B8DAA4,126,63,Text_248_Animal_HappyOnlyIfTasteEat
24A,B8,B8DAA4,B8DABE,26,13,Text_249_Dialog_Stuffed
24B,B8,B8DABE,B8DC20,354,177,Text_24A_Shop_GoodDayTodaySomeFamous
24C,B8,B8DC20,B8DDD6,438,219,Text_24B_Shop_GoodDayTodaySomeRice
24D,B8,B8DDD6,B8DE2A,84,42,Text_24C_Dialog_ThankCarefulTogetAddicted
24E,B8,B8DE2A,B8DE94,106,53,Text_24D_Dialog_SayOneBiteMakesHappy
24F,B8,B8DE94,B8DF36,162,81,Text_24E_Manual_BringAnythingYearSuchHard
250,B8,B8DF36,B8DFEE,184,92,Text_24F_Dialog_FruitsSouthernCountryTasteGood
251,B8,B8DFEE,B8E028,58,29,Text_250_Festival_DanceVeryYet
252,B8,B8E028,B8E06C,68,34,Text_251_Dialog_DancingStartPrettySoon
253,B8,B8E06C,B8E14E,226,113,Text_252_Church_EvenIfBelieveIngodGood
254,B8,B8E14E,B8E1D2,132,66,Text_253_Church_EvenIfBelieveIngodGood
255,B8,B8E1D2,B8E22C,90,45,Text_254_Church_GoddessLandExistsSure
256,B8,B8E22C,B8E27E,82,41,Text_255_Dialog_ThoughtTime
257,B8,B8E27E,B8E308,138,69,Text_256_Dialog_EatWantC
258,B8,B8E308,B8E340,56,28,Text_257_Dialog_ThankNice
259,B8,B8E340,B8E34C,12,6,Text_258_Dialog_Waaa
25A,B8,B8E34C,B8E3F8,172,86,Text_259_Dialog_MadePumpkinPieWantTry
25B,B8,B8E3F8,B8E456,94,47,Text_25A_Dialog_YearsPumpkinsSweet
25C,B8,B8E456,B8E4C8,114,57,Text_25B_Dialog_YeahPumpkinPieHasReceived
25D,B8,B8E4C8,B8E594,204,102,Text_25C_Manual_GiveSpecialSouvenirClockFree
25E,B8,B8E594,B8E648,180,90,Text_25D_Dialog_ThinkImportantThankLandSun
25F,B8,B8E648,B8E708,192,96,Text_25E_Dialog_TaraahAutoHarvestingMachineSwitch
260,B8,B8E708,B8E724,28,14,Text_25F_Dialog_SorryFailed
261,B8,B8E724,B8E754,48,24,Text_260_Dialog_Afraid
262,B8,B8E754,B8E784,48,24,Text_261_Dialog_Right
263,B8,B8E784,B8E8A2,286,143,Text_262_Dialog_TasteGoodHuhCalledFruit
264,B8,B8E8A2,B8E922,128,64,Text_263_Dialog_PickUpFirstThingMorning
265,B8,B8E922,B8E9C0,158,79,Text_264_Dialog_SpecialMeatPieImadeWant
266,B8,B8E9C0,B8EA52,146,73,Text_265_Romance_MakeEverythingEatSeemDelicious
267,B8,B8EA52,B8EA9C,74,37,Text_266_Dialog_AlrightPrettyGoodThough
268,B8,B8EA9C,B8EB94,248,124,Text_267_Mountain_BerryJuiceMadeLastYear
269,B8,B8EB94,B8EBE0,76,38,Text_268_Dialog_IfThinkManDrinkUp
26A,B8,B8EBE0,B8EC16,54,27,Text_269_Dialog_GoodThough
26B,B8,B8EC16,B8ED30,282,141,Text_26A_Romance_OofSorryFeelGoodHave
26C,B8,B8ED30,B8EDEA,186,93,Text_26B_Dialog_TaraaaImprovedAutoHarvestingMachine
26D,B8,B8EDEA,B8EDFE,20,10,Text_26C_Dialog_Weird
26E,B8,B8EDFE,B8EE96,152,76,Text_26D_Dialog_HaHaHaHaHa
26F,B8,B8EE96,B8EF96,256,128,Text_26E_Festival_StarNightFestivaltomorrowCoupleofPlaces
270,B8,B8EF96,B8F052,188,94,Text_26F_Dialog_WildGrapeJuiceSweetGood
271,B8,B8F052,B8F098,70,35,Text_270_Dialog_CheersGiftsEarth
272,B8,B8F098,B8F0E8,80,40,Text_271_Dialog_VerySociable
273,B8,B8F0E8,B8F2FA,530,265,Text_272_Animal_FlowerFestivalTomorrowStopWork
274,B8,B8F2FA,B8F436,316,158,Text_273_Weather_InformationEventHaveAnnualeggFestival
275,B8,B8F436,B8F61C,486,243,Text_274_Animal_EggFestivalTomorrowStopWork
276,B8,B8F61C,B8F6D6,186,93,Text_275_Dialog_KidneyPieProudTryC
277,B8,B8F6D6,B8F71E,72,36,Text_276_Dialog_VeryNourishingThough
278,B8,B8F71E,B8F7F0,210,105,Text_277_Mountain_YearOldBerryJuiceSmells
279,B8,B8F7F0,B8F836,70,35,Text_278_Dialog_MyGrandpasFavoriteJuice
27A,B8,B8F836,B8F87E,72,36,Text_279_Dialog_DrinkMyJuice
27B,B8,B8F87E,B8F8EC,110,55,Text_27A_Romance_MayAbleHavePleasantMoments
27C,B8,B8F8EC,B8FA4E,354,177,Text_27B_Romance_UltraSpecialAutoHarvestingMachine
27D,B8,B8FA4E,B8FA96,72,36,Text_27C_Dialog_WhetherLikeItor
27E,B8,B8FA96,B8FB34,158,79,Text_27D_Dialog_FreshIngredientsAffectionNecessaryMake
27F,B8,B8FB34,B8FBF2,190,95,Text_27E_Dialog_TastyRiceBallsDumplingsTry
280,B8,B8FBF2,B8FC14,34,17,Text_27F_Dialog_Congratulations
281,B8,B8FC14,B8FC66,82,41,Text_280_Dialog_GoingHaveBabyprettySoon
282,B8,B8FC66,B8FCCC,102,51,Text_281_Romance_HoHoLookBabyCute
283,B8,B8FCCC,B8FD46,122,61,Text_282_Dialog_HaveMyPartnerYoudBetter
284,B8,B8FD46,B8FD9A,84,42,Text_283_Festival_WantDanceSomeoneElse
285,B8,B8FD9A,B8FDF8,94,47,Text_284_Festival_YoungManDanceYoungGirl
286,B8,B8FDF8,B8FE22,42,21,Text_285_Dialog_BringMeMoreJuice
287,B8,B8FE22,B8FE46,36,18,Text_286_Dialog_WasDelicious
288,B8,B8FE46,B8FEAA,100,50,Text_287_Festival_WantDanceSomeoneElse
289,B8,B8FEAA,B8FEF0,70,35,Text_288_Festival_YeahWantDanceMaria
28A,B8,B8FEF0,B90000,272,136,Text_289_Festival_NewYearsFestivaltomorrowSayThelast
28B,B9,B98000,B980A4,164,82,Text_28A_Festival_DanceButMeansMoreBecause
28C,B9,B980A4,B98138,148,74,Text_28B_Festival_WhoGoingAskDanceGoing
28D,B9,B98138,B981C4,140,70,Text_28C_Romance_NeverCancelChooseCarefullyRegret
28E,B9,B981C4,B982C8,260,130,Text_28D_Festival_ThanksgivingFestivalTomorrowNiceSmell
28F,B9,B982C8,B9846C,420,210,Text_28E_Festival_ThanksgivingFestivalTomorrowAllHusbands
290,B9,B9846C,B9852A,190,95,Text_28F_Romance_BecauseGirlsGiveCakesPeople
291,B9,B9852A,B9857A,80,40,Text_290_Diary_GoingBedNowGoodNight
292,B9,B9857A,B98654,218,109,Text_291_Dialog_HehHehVeryDeliciousWant
293,B9,B98654,B98732,222,111,Text_292_Festival_ThanksgivingFestivalTodayDarlingThank
294,B9,B98732,B9877A,72,36,Text_293_Dialog_WorkNow
295,B9,B9877A,B98790,22,11,Text_294_Dialog_Fidgety
296,B9,B98790,B987BA,42,21,Text_295_Dialog_ThumpThumpThump
297,B9,B987BA,B988AC,242,121,Text_296_Animal_EllenGoodCookAndtakesGood
298,B9,B988AC,B9892E,130,65,Text_297_Romance_LoveMyWifesCakeBut
299,B9,B9892E,B98964,54,27,Text_298_Dialog_ScorchedCakeAgain
29A,B9,B98964,B98988,36,18,Text_299_Dialog_WhatShouldIDo
29B,B9,B98988,B989EE,102,51,Text_29A_Romance_AnnsHandMadeCakeExplode
29C,B9,B989EE,B98A3E,80,40,Text_29B_Romance_GetCakeMariaEveryYear
29D,B9,B98A3E,B98A84,70,35,Text_29C_Romance_YeahGotCakeMaria
29E,B9,B98A84,B98B22,158,79,Text_29D_Animal_AbleBakePerfectlyDeliciousCake
29F,B9,B98B22,B98B7E,92,46,Text_29E_Dialog_HopeLike
2A0,B9,B98B7E,B98BCC,78,39,Text_29F_Romance_UummThankWorkingEveryDay
2A1,B9,B98BCC,B98BDA,14,7,Text_2A0_Dialog_Hello
2A2,B9,B98BDA,B98C54,122,61,Text_2A1_Dialog_GiveNotsureIfTastesGood
2A3,B9,B98C54,B98C98,68,34,Text_2A2_Dialog_WantMedicineCase
2A4,B9,B98C98,B98D1E,134,67,Text_2A3_Dialog_MyDadRudeLookedatMy
2A5,B9,B98D1E,B98D6C,78,39,Text_2A4_Dialog_SpecialHerbCake
2A6,B9,B98D6C,B98DD4,104,52,Text_2A5_Dialog_LookVeryGoodButDelicious
2A7,B9,B98DD4,B98E78,164,82,Text_2A6_Dialog_MyMomWanderingAroundBaked
2A8,B9,B98E78,B98EBC,68,34,Text_2A7_Animal_UsedPlentyMilkEggs
2A9,B9,B98EBC,B98F04,72,36,Text_2A8_Dialog_HaveConfidenceMakingSweets
2AA,B9,B98F04,B98FCA,198,99,Text_2A9_Dialog_ProbablyThinkMonkeySomethingRight
2AB,B9,B98FCA,B99014,74,37,Text_2AA_Dialog_CakeFulledBerries
2AC,B9,B99014,B9903C,40,20,Text_2AB_Dialog_HopeLike
2AD,B9,B9903C,B99148,268,134,Text_2AC_Festival_NowStarNightFestivalTomorrow
2AE,B9,B99148,B99248,256,128,Text_2AD_Animal_StarNightFestivalSupposedPray
2AF,B9,B99248,B992C6,126,63,Text_2AE_Dialog_LookSkyItllBeautifulTomorrow
2B0,B9,B992C6,B99316,80,40,Text_2AF_Church_GoingPlayOrganChurch
2B1,B9,B99316,B9937A,100,50,Text_2B0_Dialog_TomorrowHehHehGoingWonderful
2B2,B9,B9937A,B993DA,96,48,Text_2B1_Dialog_SayGoingNearestplaceStars
2B3,B9,B993DA,B9943C,98,49,Text_2B2_Church_PrayPublicSquareRomantic
2B4,B9,B9943C,B9949E,98,49,Text_2B3_Dialog_LetsHaveBallTomorrowWaiting
2B5,B9,B9949E,B99534,150,75,Text_2B4_Festival_StarNightFestivaltomorrowGoingPlace
2B6,B9,B99534,B99602,206,103,Text_2B5_Festival_StarNightFestivaltomorrowGoingPlace
2B7,B9,B99602,B996EA,232,116,Text_2B6_Sign_StarNightFestivaltodayGoPublic
2B8,B9,B996EA,B99756,108,54,Text_2B7_Church_LadiesGentlemenLetsPrayStars
2B9,B9,B99756,B9983A,228,114,Text_2B8_Animal_LightStarsSeeingNowMillions
2BA,B9,B9983A,B99882,72,36,Text_2B9_Dialog_MayMyBusinessGetBetter
2BB,B9,B99882,B99920,158,79,Text_2BA_Dialog_WantMeReadHoroscopeSure
2BC,B9,B99920,B9999A,122,61,Text_2BB_Romance_GirlWhoGetsAlongWellwith
2BD,B9,B9999A,B999DE,68,34,Text_2BC_Dialog_WantKnow
2BE,B9,B999DE,B99A64,134,67,Text_2BD_Animal_CloseMyEyesFeellikeFloating
2BF,B9,B99A64,B99B06,162,81,Text_2BE_Church_PrayEverybodysGoodHealthSecret
2C0,B9,B99B06,B99CA4,414,207,Text_2BF_Romance_StarsShinningAllTimeSeethem
2C1,B9,B99CA4,B99D8E,234,117,Text_2C0_Church_SometimesWorkEvenifMuchLove
2C2,B9,B99D8E,B99DBA,44,22,Text_2C1_Diary_FeelSleepyNow
2C3,B9,B99DBA,B99DD4,26,13,Text_2C2_Dialog_Zzzzzzz
2C4,B9,B99DD4,B99E2A,86,43,Text_2C3_Dialog_ThinkHaveGoodDreamTonight
2C5,B9,B99E2A,B99ECA,160,80,Text_2C4_Romance_GoodEveningUmmWishweAlso
2C6,B9,B99ECA,B99F26,92,46,Text_2C5_Dialog_LetsSingSongEnjoyYourselves
2C7,B9,B99F26,B99F56,48,24,Text_2C6_Dialog_NowSingSomething
2C8,B9,B99F56,B9A020,202,101,Text_2C7_Dialog_HappenedTonightCoincidentHappensToo
2C9,B9,B9A020,B9A0D4,180,90,Text_2C8_Romance_AhGoodEveningNinaAlways
2CA,B9,B9A0D4,B9A128,84,42,Text_2C9_Dialog_CheersBeautifulSkyinNight
2CB,B9,B9A128,B9A1C8,160,80,Text_2CA_Dialog_HavingFunCheersFateStar
2CC,B9,B9A1C8,B9A2C2,250,125,Text_2CB_Romance_SeeSeeShootingStarEvery
2CD,B9,B9A2C2,B9A350,142,71,Text_2CC_Romance_MakeWishNinaWishedTitter
2CE,B9,B9A350,B9A406,182,91,Text_2CD_Dialog_TakeHotSpringBathWatching
2CF,B9,B9A406,B9A470,106,53,Text_2CE_Church_MayEverybodyLiveHappilyNow
2D0,B9,B9A470,B9A538,200,100,Text_2CF_Church_HavePrayedAlreadyAlsoImportant
2D1,B9,B9A538,B9A58E,86,43,Text_2D0_Dialog_MayEarthGiveUsGifts
2D2,B9,B9A58E,B9A5D4,70,35,Text_2D1_Dialog_YearTell
2D3,B9,B9A5D4,B9A620,76,38,Text_2D2_Dialog_MayMyBusinessGoThisyear
2D4,B9,B9A620,B9A6AC,140,70,Text_2D3_Town_AlrightTellingFortuneC
2D5,B9,B9A6AC,B9A764,184,92,Text_2D4_Dialog_PickUpAnyCardLike
2D6,B9,B9A764,B9A800,156,78,Text_2D5_Romance_ExcellentLuckGreatHarvestEverything
2D7,B9,B9A800,B9A88E,142,71,Text_2D6_Dialog_LuckFairHarvestPersonWaiting
2D8,B9,B9A88E,B9A8FE,112,56,Text_2D7_Town_MisfortuneNothingTurnOutGood
2D9,B9,B9A8FE,B9A954,86,43,Text_2D8_Romance_SeeBetterDevelopMywayMyself
2DA,B9,B9A954,B9A9A2,78,39,Text_2D9_Dialog_WhmmmGoingGoodYear
2DB,B9,B9A9A2,B9A9EC,74,37,Text_2DA_Dialog_MayYearGoodYearfor
2DC,B9,B9A9EC,B9AA70,132,66,Text_2DB_Dialog_SeeFirstSunriseBeginningYear
2DD,B9,B9AA70,B9AA96,38,19,Text_2DC_Dialog_Best
2DE,B9,B9AA96,B9AC36,416,208,Text_2DD_Animal_NowAnnualEggSearchinggameAutumn
2DF,B9,B9AC36,B9AC7A,68,34,Text_2DE_Dialog_GoFirstOne
2E0,B9,B9AC7A,B9ACD2,88,44,Text_2DF_Dialog_ComeHurryUpTimeRunning
2E1,B9,B9ACD2,B9AD22,80,40,Text_2E0_Dialog_BeatenThoseYoungKids
2E2,B9,B9AD22,B9AD4A,40,20,Text_2E1_Dialog_PrizeJuice
2E3,B9,B9AD4A,B9ADA4,90,45,Text_2E2_Dialog_SayWinnerGettheGreatPrize
2E4,B9,B9ADA4,B9ADDA,54,27,Text_2E3_Dialog_LittleKidsNeedHandicap
2E5,B9,B9ADDA,B9AE28,78,39,Text_2E4_Dialog_AlrightTryWinYear
2E6,B9,B9AE28,B9AE88,96,48,Text_2E5_Town_HearPrizeSeedRareFlower
2E7,B9,B9AE88,B9AEEA,98,49,Text_2E6_Dialog_IfExWereFindVery
2E8,B9,B9AEEA,B9AF6E,132,66,Text_2E7_Dialog_SameColorGetPointNext
2E9,B9,B9AF6E,B9B016,168,84,Text_2E8_Romance_GameOverAnnouncingWinnerEverybody
2EA,B9,B9B016,B9B072,92,46,Text_2E9_Dialog_BingoCorrectNextOne
2EB,B9,B9B072,B9B0F4,130,65,Text_2EA_Animal_WinnerYearsEggFestivalMr
2EC,B9,B9B0F4,B9B1A2,174,87,Text_2EB_Sign_YearsPrizeFodderOneWhole
2ED,B9,B9B1A2,B9B21E,124,62,Text_2EC_Dialog_CongratulationsDeliverPrizeHome
2EE,B9,B9B21E,B9B27E,96,48,Text_2ED_Romance_NowEverybodyLetsBestYear
2EF,B9,B9B27E,B9B2CC,78,39,Text_2EE_Dialog_HumiliatingYoungMen
2F0,B9,B9B2CC,B9B32A,94,47,Text_2EF_Dialog_PhewLikeUsually
2F1,B9,B9B32A,B9B36E,68,34,Text_2F0_Dialog_HicHaveCome
2F2,B9,B9B36E,B9B384,22,11,Text_2F1_Dialog_PuffPuff
2F3,B9,B9B384,B9B3DC,88,44,Text_2F2_Dialog_PuffPuffSpeakMe
2F4,B9,B9B3DC,B9B442,102,51,Text_2F3_Town_SeedFlowerWhoSaid
2F5,B9,B9B442,B9B4C8,134,67,Text_2F4_Dialog_PhewGoodHealthyBodyExercise
2F6,B9,B9B4C8,B9B534,108,54,Text_2F5_Festival_NewYearsFestivalLetsGo
2F7,B9,B9B534,B9B66E,314,157,Text_2F6_Manual_SeedGrassThisgrassGrowsWithout
2F8,B9,B9B66E,B9B6C2,84,42,Text_2F7_Dialog_ThankDeliverShed
2F9,B9,B9B6C2,B9B6EC,42,21,Text_2F8_Dialog_ThankVeryMuch
2FA,B9,B9B6EC,B9B740,84,42,Text_2F9_Dialog_AhHaveEnoughMoney
2FB,B9,B9B740,B9B786,70,35,Text_2FA_Dialog_ThankComeVisitMeAgain
2FC,B9,B9B786,B9B924,414,207,Text_2FB_Manual_BuyingCowThenGiveBell
2FD,B9,B9B924,B9BA58,308,154,Text_2FC_Shop_SpecialPaintHouseOnlyG
2FE,B9,B9BA58,B9BAAC,84,42,Text_2FD_Dialog_ThankDeliverShed
2FF,B9,B9BAAC,B9BADC,48,24,Text_2FE_Dialog_GoodStuffThough
300,B9,B9BADC,B9BB30,84,42,Text_2FF_Dialog_HaveEnoughMoney
301,B9,B9BB30,B9BCA0,368,184,Text_300_Animal_HorseHasBecomeBigMade
302,B9,B9BCA0,B9BE94,500,250,Text_301_Animal_MedicineCowsSickHealsOnly
303,B9,B9BE94,B9BED8,68,34,Text_302_Dialog_DeliverShed
304,B9,B9BED8,B9BEE2,10,5,Text_303_Dialog_Aha
305,B9,B9BEE2,B9BF8C,170,85,Text_304_Diary_HaveEnoughMoneyComeBack
306,B9,B9BF8C,B9C056,202,101,Text_305_Animal_WantTodayBuyCowSell
307,B9,B9C056,B9C0B6,96,48,Text_306_Animal_NeedHaveMoreGrassRaise
308,B9,B9C0B6,B9C1A2,236,118,Text_307_Animal_CowCostsGBuyingOne
309,B9,B9C1A2,B9C1DC,58,29,Text_308_Dialog_DeliverPen
30A,B9,B9C1DC,B9C256,122,61,Text_309_Animal_IfWantSellCowsAgain
30B,B9,B9C256,B9C33E,232,116,Text_30A_Animal_ChickenCostsGButWant
30C,B9,B9C33E,B9C3EA,172,86,Text_30B_Dialog_ComePickUpLaterLet
30D,B9,B9C3EA,B9C4D2,232,116,Text_30C_Animal_PutCowPenTakeGood
30E,B9,B9C4D2,B9C57E,172,86,Text_30D_Animal_EvenThinkSellingCowCondition
30F,B9,B9C57E,B9C65A,220,110,Text_30E_Shipping_CostsEaGWanttoSell
310,B9,B9C65A,B9C68E,52,26,Text_30F_Dialog_TakeMe
311,B9,B9C68E,B9C6DE,80,40,Text_310_Dialog_AcceptUntilItsgrownMore
312,B9,B9C6DE,B9C7E4,262,131,Text_311_Dialog_OutsideTakeWithyouItllEat
313,B9,B9C7E4,B9C8FA,278,139,Text_312_Manual_MilkerMilkUsingTowardCow
314,B9,B9C8FA,B9C93E,68,34,Text_313_Dialog_SorryButAccept
315,B9,B9C93E,B9CAB4,374,187,Text_314_Manual_BrushCowsBecomeHappyBrush
316,B9,B9CAB4,B9CB24,112,56,Text_315_Animal_FatherHeavenHelpPreciousCow
317,B9,B9CB24,B9CC3C,280,140,Text_316_Animal_IdiotTellTakeCareCows
318,B9,B9CC3C,B9CC90,84,42,Text_317_Dialog_GreatCalfWasBornName
319,B9,B9CC90,B9CCE4,84,42,Text_318_Dialog_CalfAlrightName
31A,B9,B9CCE4,B9CD1E,58,29,Text_319_Dialog_Name
31B,B9,B9CD1E,B9CDDC,190,95,Text_31A_Shipping_AllShippingtodayCostsGIntotal
31C,B9,B9CDDC,B9CE24,72,36,Text_31B_Shipping_ShippingTodayBye
31D,B9,B9CE24,B9CEC8,164,82,Text_31C_Sign_BusinessHoursWeekdayPmWeekend
31E,B9,B9CEC8,B9CF10,72,36,Text_31D_Dialog_ThrowThingsSpring
31F,B9,B9CF10,B9D08C,380,190,Text_31E_Manual_GoddessSpringExpectMeCome
320,B9,B9D08C,B9D11E,146,73,Text_31F_Church_LyingYoursThisoneGodKnows
321,B9,B9D11E,B9D292,372,186,Text_320_Manual_FoundHonestPersonGivingThisgold
322,B9,B9D292,B9D326,148,74,Text_321_Manual_ExcuseMeButBorrowHammer
323,B9,B9D326,B9D38E,104,52,Text_322_Animal_ThankPutMorePowerReturn
324,B9,B9D38E,B9D3D2,68,34,Text_323_Dialog_AskAnyMore
325,B9,B9D3D2,B9D4A0,206,103,Text_324_Animal_PlowFieldBeforeSpringBut
326,B9,B9D4A0,B9D502,98,49,Text_325_Dialog_HasRanchBecomeLively
327,B9,B9D502,B9D536,52,26,Text_326_Dialog_GoOut
328,B9,B9D536,B9D614,222,111,Text_327_Manual_RanchUseSickleTheshedHows
329,B9,B9D614,B9D6AC,152,76,Text_328_Dialog_WowMadeHappyMakeBetter
32A,B9,B9D6AC,B9D72C,128,64,Text_329_Dialog_UseMadeAllMyEnergy
32B,B9,B9D72C,B9D73E,18,9,Text_32A_Dialog_ByeBye
32C,B9,B9D73E,B9D780,66,33,Text_32B_Dialog_GiGiveMeSomethingEat
32D,B9,B9D780,B9D7D8,88,44,Text_32C_Mountain_MushroomIfPossibleWantaMushroom
32E,B9,B9D7D8,B9D908,304,152,Text_32D_Dialog_PhewAliveNowThankVery
32F,B9,B9D908,B9D976,110,55,Text_32E_Mountain_PoisonousMushroomKillKnow
330,B9,B9D976,B9D9DE,104,52,Text_32F_Mountain_MashMushroomWantNothingBut
331,B9,B9D9DE,B9DAB4,214,107,Text_330_Dialog_StopRabbitMineDoingLet
332,B9,B9DAB4,B9DBAE,250,125,Text_331_Shop_IfBuyGWantPay
333,B9,B9DBAE,B9DBDC,46,23,Text_332_Dialog_LiveLikeBye
334,B9,B9DBDC,B9DCCC,240,120,Text_333_Romance_SeeKindWantMoneyBut
335,B9,B9DCCC,B9DD46,122,61,Text_334_Dialog_HandRabbitLiveLikeBye
336,B9,B9DD46,B9DE38,242,121,Text_335_Mountain_SpiritWaterImpGaveMy
337,B9,B9DE38,B9DF78,320,160,Text_336_Dialog_AhFirstHumanLongHad
338,B9,B9DF78,B9E038,192,96,Text_337_Diary_NowTakeSellExpensivePrice
339,B9,B9E038,B9E072,58,29,Text_338_Dialog_GoHomeAsSoonAs
33A,B9,B9E072,B9E178,262,131,Text_339_Romance_ThankLettingBloomOneHas
33B,B9,B9E178,B9E238,192,96,Text_33A_Church_BothFlowerAndiDisappearSoon
33C,B9,B9E238,B9E408,464,232,Text_33B_Shop_MiraclePotionGoodLuckMedicine
33D,B9,B9E408,B9E598,400,200,Text_33C_Manual_TomatoSeedEconomicalBecauseEven
33E,B9,B9E598,B9E6D2,314,157,Text_33D_Animal_PotatoSeedHarvestLeavesBecome
33F,B9,B9E6D2,B9E868,406,203,Text_33E_Shipping_TurnipSeedTakeLongHarvest
340,B9,B9E868,B9EA40,472,236,Text_33F_Manual_CornSeedTakestheLongestTime
341,B9,B9EA40,B9EBAA,362,181,Text_340_Shipping_FlowerBloomsOneDayBut
342,B9,B9EBAA,B9ED36,396,198,Text_341_Sign_FeedCowsFeedingsPerBag
343,B9,B9ED36,B9EEF8,450,225,Text_342_Sign_FeedChickensFeedingsPerBag
344,B9,B9EEF8,B9F09A,418,209,Text_343_Manual_SprinklerWaterVeryQuicklyCheap
345,B9,B9F09A,B9F1EC,338,169,Text_344_Manual_SuperSickleInventedIfTrade
346,B9,B9F1EC,B9F338,332,166,Text_345_Manual_SuperHoeVeryPowerfulIf
347,B9,B9F338,B9F4C8,400,200,Text_346_Manual_SuperHammerKnockBigRock
348,B9,B9F4C8,B9F62C,356,178,Text_347_Manual_SuperAxeChopLogOne
349,B9,B9F62C,B9F75A,302,151,Text_348_Shop_CakeGoodPresentRecoveryStamina
34A,B9,B9F75A,B9F7CA,112,56,Text_349_Dialog_ThankPerishableSoeatWhileStill
34B,B9,B9F7CA,B9F822,88,44,Text_34A_Dialog_KnowGood
34C,B9,B9F822,B9F88A,104,52,Text_34B_Animal_PlaceHatchEggsPlaceEggs
34D,B9,B9F88A,B9F8BA,48,24,Text_34C_Animal_ShippingBoxEggs
34E,B9,B9F8BA,B9F8EA,48,24,Text_34D_Animal_ShippingBoxMilk
34F,B9,B9F8EA,B9F952,104,52,Text_34E_Animal_GetCowsGiveBirth
350,B9,B9F952,B9F9C4,114,57,Text_34F_Sign_TakeOutSpoutFodderCut
351,B9,B9F9C4,B9FAA6,226,113,Text_350_Animal_MilkBuyingGdoAgreeMoney
352,B9,B9FAA6,B9FB88,226,113,Text_351_Animal_MilkBuyingGbutMoneyHv
353,B9,B9FB88,B9FC6A,226,113,Text_352_Animal_MilkBuyingGbutMoneyHw
354,B9,B9FC6A,B9FD5E,244,122,Text_353_Shop_CornBuyingGButMoney
355,B9,B9FD5E,B9FE82,292,146,Text_354_Shop_RipenedTomatoBuyingGBut
356,B9,B9FE82,BA0000,382,191,Text_355_Shop_PotatoBuyingGButMoney
357,BA,BA8000,BA8112,274,137,Text_356_Shop_TurnipGoodShapeBuyingG
358,BA,BA8112,BA8218,262,131,Text_357_Animal_FreshEggBuyingGBut
359,BA,BA8218,BA82EE,214,107,Text_358_Mountain_MushroomAboutGMoneyH
35A,BA,BA82EE,BA8446,344,172,Text_359_Animal_PoisonousMushroomMedicineCompoundedAbout
35B,BA,BA8446,BA8546,256,128,Text_35A_Dialog_GoodHerbAboutGMoney
35C,BA,BA8546,BA866A,292,146,Text_35B_Mountain_AhBerryWildGrapeSmells
35D,BA,BA866A,BA8782,280,140,Text_35C_Dialog_BoyTropicalFruitAboutG
35E,BA,BA8782,BA88D2,336,168,Text_35D_Shop_AhRareThingAberryFullmoon
35F,BA,BA88D2,BA89E4,274,137,Text_35E_Shop_VeryFreshFishBuyingG
360,BA,BA89E4,BA89F8,20,10,Text_35F_Diary_Sleeping
361,BA,BA89F8,BA8B92,410,205,Text_360_Animal_GoodLordGoldenEggNever
362,BA,BA8B92,BA8BE6,84,42,Text_361_Festival_DarlingGoingFestival
363,BA,BA8BE6,BA8C66,128,64,Text_362_Festival_GoodFestivalLikeChange
364,BA,BA8C66,BA8CD2,108,54,Text_363_Festival_KnowBusyButLetsGo
365,BA,BA8CD2,BA8D54,130,65,Text_364_Dialog_TraditionHundredsYearsAgoSeem
366,BA,BA8D54,BA8DE6,146,73,Text_365_Romance_HaveHadTooMuchBeverage
367,BA,BA8DE6,BA8E4A,100,50,Text_366_Mountain_MushroomEatEatC
368,BA,BA8E4A,BA8EE8,158,79,Text_367_Dialog_LooksLittleDangerousEatEat
369,BA,BA8EE8,BA8F7E,150,75,Text_368_Mountain_BerryWildGrapeEatEat
36A,BA,BA8F7E,BA9014,150,75,Text_369_Dialog_SomethingSmellsStrongEatEat
36B,BA,BA9014,BA9098,132,66,Text_36A_Dialog_SmellsSweetNiceEatEat
36C,BA,BA9098,BA90F2,90,45,Text_36B_Dialog_CakeEatEatC
36D,BA,BA90F2,BA914E,92,46,Text_36C_Mountain_FishEatEatC
36E,BA,BA914E,BA9192,68,34,Text_36D_Mountain_GotBerryPowerTree
36F,BA,BA9192,BA91CA,56,28,Text_36E_Dialog_MainTapGasOff
370,BA,BA91CA,BA91E6,28,14,Text_36F_Dialog_Burning
371,BA,BA91E6,BA9218,50,25,Text_370_Dialog_SniffSniffGoodSmell
372,BA,BA9218,BA92AA,146,73,Text_371_Dialog_FlierWanttoReadC
373,BA,BA92AA,BA9314,106,53,Text_372_Sign_RecoveryStaminaSpaMountains
374,BA,BA9314,BA941E,266,133,Text_373_Sign_VacationAutumnMushroomgatheringMountainsCovered
375,BA,BA941E,BA9528,266,133,Text_374_Animal_ThWinterMonthThanksgivingThanksgiving
376,BA,BA9528,BA95C0,152,76,Text_375_Festival_RdSpringMonthFlowerFestival
377,BA,BA95C0,BA963C,124,62,Text_376_Dialog_MyHomeMadePickledVegetables
378,BA,BA963C,BA9682,70,35,Text_377_Mountain_EvesHomeMadeBerryjuice
379,BA,BA9682,BA96BC,58,29,Text_378_Dialog_SuchRestlessGuy
37A,BA,BA96BC,BA96EE,50,25,Text_379_Romance_EverythingAllRight
37B,BA,BA96EE,BA9752,100,50,Text_37A_Church_ComeChurchLeastOnceYear
37C,BA,BA9752,BA979A,72,36,Text_37B_Town_LooksLikeArtificialFlower
37D,BA,BA979A,BA982C,146,73,Text_37C_Animal_LooksLikeOrnamentChickenBut
37E,BA,BA982C,BA9860,52,26,Text_37D_Dialog_Looking
37F,BA,BA9860,BA98A4,68,34,Text_37E_Dialog_AhPhotoMyWife
380,BA,BA98A4,BA98F4,80,40,Text_37F_Dialog_TouchWithoutPermission
381,BA,BA98F4,BA9938,68,34,Text_380_Dialog_MyGrandchildsPiggybank
382,BA,BA9938,BA99C4,140,70,Text_381_Romance_EveBroughtJuiceSayingDrink
383,BA,BA99C4,BA99F0,44,22,Text_382_Dialog_WhatsWritten
384,BA,BA99F0,BA9A5A,106,53,Text_383_Dialog_TooHeavyPickUpLooks
385,BA,BA9A5A,BA9B0E,180,90,Text_384_Animal_PrizeEggFestivalCharmProtect
386,BA,BA9B0E,BA9B3C,46,23,Text_385_Dialog_VeryOldOrgan
387,BA,BA9B3C,BA9B66,42,21,Text_386_Church_NowLetsPray
388,BA,BA9B66,BA9C00,154,77,Text_387_Dialog_QualitySulfurSpringBenefitsRheumatism
389,BA,BA9C00,BA9C24,36,18,Text_388_Dialog_Nothing
38A,BA,BA9C24,BA9C5C,56,28,Text_389_Dialog_ConfirmOriginFire
38B,BA,BA9C5C,BA9D1A,190,95,Text_38A_Church_CCzGamonthEbRests
38C,BA,BA9D1A,BA9DB6,156,78,Text_38B_Dialog_OldLadiesGetColdEasily
38D,BA,BA9DB6,BA9E5A,164,82,Text_38C_Sign_NoticeSlipperyDangerousRoadTemporarily
38E,BA,BA9E5A,BA9E6E,20,10,Text_38D_Dialog_NotThis
38F,BA,BA9E6E,BA9E9C,46,23,Text_38E_Dialog_HeardSomething
390,BA,BA9E9C,BA9F38,156,78,Text_38F_Animal_WinnerYearsEggFestivalLivestock
391,BA,BA9F38,BA9F70,56,28,Text_390_Animal_BeepTimeUpNextEgg
392,BA,BA9F70,BA9FBC,76,38,Text_391_Dialog_LateWedBetterGoHome
393,BA,BA9FBC,BA9FE4,40,20,Text_392_Dialog_BetterGoHomeNow
394,BA,BA9FE4,BAA0DC,248,124,Text_393_Sign_MountainTopMysteriousPlaceRecommend
395,BA,BAA0DC,BAA1B0,212,106,Text_394_Animal_SaidHappyFlowerBloomsEat
396,BA,BAA1B0,BAA240,144,72,Text_395_Dialog_WorkingHardKnowFoodLazy
397,BA,BAA240,BAA2C4,132,66,Text_396_Dialog_AhWorkingTooHardIsnot
398,BA,BAA2C4,BAA438,372,186,Text_397_Dialog_DayLikeTodayGoodTothink
399,BA,BAA438,BAA4CC,148,74,Text_398_Dialog_DieWithoutMoneyMoneyNecessary
39A,BA,BAA4CC,BAA56E,162,81,Text_399_Weather_WeatherMakesMeFeelDepressed
39B,BA,BAA56E,BAA5CE,96,48,Text_39A_Dialog_WarmUpBodyCatchCold
39C,BA,BAA5CE,BAA676,168,84,Text_39B_Dialog_ColdOutsideHaveFireplaceInthe
39D,BA,BAA676,BAA74C,214,107,Text_39C_Sign_WinterMakeSomeFlowersDecorate
39E,BA,BAA74C,BAA7F2,166,83,Text_39D_Weather_HardShovelSnowButitFeels
39F,BA,BAA7F2,BAA968,374,187,Text_39E_Weather_LikeColdnessOfwinterButLike
3A0,BA,BAA968,BAA9B2,74,37,Text_39F_Dialog_SayGiftWorkman
3A1,BA,BAA9B2,BAAA52,160,80,Text_3A0_Animal_BusyWinterGatherMaterialsThen
3A2,BA,BAAA52,BAAA64,18,9,Text_3A1_Dialog_Welcome
3A3,BA,BAAA64,BAAB0A,166,83,Text_3A2_Shipping_ShippingBoxPickUpEvening
3A4,BA,BAAB0A,BAAB56,76,38,Text_3A3_Animal_AhChickenFeather
3A5,BA,BAAB56,BAABA0,74,37,Text_3A4_Dialog_SecretGardenEntryAllowed
3A6,BA,BAABA0,BAAE0C,620,310,Text_3A5_Animal_EventsYearStSpringMonth
3A7,BA,BAAE0C,BAAE12,6,3,Text_3A6_Dialog_Entry
3A8,BA,BAAE12,BAAE1A,8,4,Text_3A7_Dialog_Entry
3A9,BA,BAAE1A,BAAE24,10,5,Text_3A8_Dialog_Entry
3AA,BA,BAAE24,BAAE30,12,6,Text_3A9_Dialog_Entry
3AB,BA,BAAE30,BAAE3E,14,7,Text_3AA_Dialog_Entry
3AC,BA,BAAE3E,BAAE4E,16,8,Text_3AB_Dialog_Entry
3AD,BA,BAAE4E,BAAE60,18,9,Text_3AC_Dialog_Entry
3AE,BA,BAAE60,BAAE74,20,10,Text_3AD_Dialog_Entry
3AF,BA,BAAE74,BAAE8A,22,11,Text_3AE_Dialog_Entry
3B0,BA,BAAE8A,BAAEA2,24,12,Text_3AF_Dialog_Entry
3B1,BA,BAAEA2,BAAECA,40,20,Text_3B0_Dialog_ThThank
3B2,BA,BAAECA,BAAF3A,112,56,Text_3B1_Dialog_PickUpHerbsWithoutThinking
3B3,BA,BAAF3A,BAAF88,78,39,Text_3B2_Dialog_ThankLooksDelicious
3B4,BA,BAAF88,BAAFDC,84,42,Text_3B3_Dialog_ThankNowBakeCake
3B5,BA,BAAFDC,BAB02E,82,41,Text_3B4_Dialog_PlayingNastyTrickMe
3B6,BA,BAB02E,BAB0B4,134,67,Text_3B5_Dialog_GladGivingMeNeatPresent
3B7,BA,BAB0B4,BAB15E,170,85,Text_3B6_Shop_TakeCareIfBuyLot
3B8,BA,BAB15E,BAB200,162,81,Text_3B7_Animal_BeingCrowdedMakesLivestockStressed
3B9,BA,BAB200,BAB222,34,17,Text_3B8_Dialog_Want
3BA,BA,BAB222,BAB250,46,23,Text_3B9_Dialog_Trouble
3BB,BA,BAB250,BAB26C,28,14,Text_3BA_Dialog_WhatIsThis
3BC,BA,BAB26C,BAB2B8,76,38,Text_3BB_Dialog_TakeKindofStuff
3BD,BA,BAB2B8,BAB2F0,56,28,Text_3BC_Dialog_GiveMe
3BE,BA,BAB2F0,BAB344,84,42,Text_3BD_Shipping_PutThingsWantSellTable
3BF,BA,BAB344,BAB40A,198,99,Text_3BE_Weather_GettingColderWhenitRainsWinter
3C0,BA,BAB40A,BAB4AC,162,81,Text_3BF_Romance_AhMrEcWantMaria
3C1,BA,BAB4AC,BAB52E,130,65,Text_3C0_Romance_MariaDoingLetMeKnow
3C2,BA,BAB52E,BAB58A,92,46,Text_3C1_Romance_MariaOftenTalksaboutLately
3C3,BA,BAB58A,BAB63A,176,88,Text_3C2_Animal_AfterAllGirlHappiestwhenSomeone
3C4,BA,BAB63A,BAB706,204,102,Text_3C3_Romance_MrComeOftenbutWantHave
3C5,BA,BAB706,BAB7B8,178,89,Text_3C4_Romance_HowsAnnDoingWorkingAs
3C6,BA,BAB7B8,BAB86A,178,89,Text_3C5_Romance_NinaLikesSweetsSuchAs
3C7,BA,BAB86A,BAB90E,164,82,Text_3C6_Mountain_HoHoHoHowsNina
3C8,BA,BAB90E,BAB9CE,192,96,Text_3C7_Romance_IfWantWifeChooseGirl
3C9,BA,BAB9CE,BABAE8,282,141,Text_3C8_Romance_LookLittleHeavierYoutEllen
3CA,BA,BABAE8,BABBE0,248,124,Text_3C9_Romance_LotThingsHappenWhileAlive
3CB,BA,BABBE0,BABC28,72,36,Text_3CA_Dialog_CarryJokestoFar
3CC,BA,BABC28,BABD56,302,151,Text_3CB_Animal_ThinkPeopleWhoCheatWho
3CD,BA,BABD56,BABE00,170,85,Text_3CC_Romance_MostImportantThingLifeProbably
3CE,BA,BABE00,BABED4,212,106,Text_3CD_Romance_HaveHeardBlueFeatherGrandma
3CF,BA,BABED4,BABF26,82,41,Text_3CE_Dialog_FemalePsychologyComplicated
3D0,BA,BABF26,BAC05A,308,154,Text_3CF_Manual_PrettyHardMoveCowsAs
3D1,BA,BAC05A,BAC130,214,107,Text_3D0_Animal_DealingLivestocktodayBecomeSickOutside
3D2,BA,BAC130,BAC204,212,106,Text_3D1_Sign_SeeSunsetTopMountainFeel
3D3,BA,BAC204,BAC2E2,222,111,Text_3D2_Romance_EveKindGirlComesOften
3D4,BA,BAC2E2,BAC372,144,72,Text_3D3_Romance_HowsEveDoingSeeGood
3D5,BA,BAC372,BAC40A,152,76,Text_3D4_Town_SisterPinkScoldIfPicked
3D6,BA,BAC40A,BAC474,106,53,Text_3D5_Romance_BigHouseNecessaryIfWant
3D7,BA,BAC474,BAC4C4,80,40,Text_3D6_Dialog_GatherLogsWinterToo
3D8,BA,BAC4C4,BAC54A,134,67,Text_3D7_Dialog_HowdyHaveJuicePartyHome
3D9,BA,BAC54A,BAC62A,224,112,Text_3D8_Animal_GotMarriedWorkHarderBad
3DA,BA,BAC62A,BAC64A,32,16,Text_3D9_Dialog_HappyMan
3DB,BA,BAC64A,BAC702,184,92,Text_3DA_Romance_MarriedCuteWifeHuhIf
3DC,BA,BAC702,BAC786,132,66,Text_3DB_Sign_HaveSeenRareBerrythatGrows
3DD,BA,BAC786,BAC84C,198,99,Text_3DC_Animal_FestivalEndsSoyouMustGo
3DE,BA,BAC84C,BAC8DE,146,73,Text_3DD_Romance_CustomersDifferentMonthlySomePeople
3DF,BA,BAC8DE,BAC982,164,82,Text_3DE_Romance_HowsEveDoingBusinessHas
3E0,BA,BAC982,BACA62,224,112,Text_3DF_Town_AdultsCryBecauseNothingCry
3E1,BA,BACA62,BACAA6,68,34,Text_3E0_Romance_BoringBecauseMariasGone
3E2,BA,BACAA6,BACB24,126,63,Text_3E1_Romance_HardestThingControlisLoveBetween
3E3,BA,BACB24,BACBA8,132,66,Text_3E2_Dialog_MarriageWonderfulBravelyAskMarry
3E4,BA,BACBA8,BACBEC,68,34,Text_3E3_Dialog_YoudBetterGoHomeYourwife
3E5,BA,BACBEC,BACC46,90,45,Text_3E4_Dialog_MakeWifeCryGoHome
3E6,BA,BACC46,BACD7E,312,156,Text_3E5_Romance_TellOnlyDadSecretlyWhich
3E7,BA,BACD7E,BACE88,266,133,Text_3E6_Church_AhaMariaShesChurchSaturdays
3E8,BA,BACE88,BACFA8,288,144,Text_3E7_Festival_AnnGoesAloneSpaStar
3E9,BA,BACFA8,BAD0A4,252,126,Text_3E8_Sign_NinaGoesPickingHerbsSaturdays
3EA,BA,BAD0A4,BAD0FC,88,44,Text_3E9_Dialog_FaceBecomingBetterLooking
3EB,BA,BAD0FC,BAD150,84,42,Text_3EA_Dialog_YoudBetterListenOldPreacher
3EC,BA,BAD150,BAD1B0,96,48,Text_3EB_Dialog_ChildrenRelyMeasProblem
3ED,BA,BAD1B0,BAD1F6,70,35,Text_3EC_Dialog_YearComingClose
3EE,BA,BAD1F6,BAD25E,104,52,Text_3ED_Dialog_HappyLiveHealthWholeYear
3EF,BA,BAD25E,BAD2AC,78,39,Text_3EE_Dialog_PickTargetFornextYear
3F0,BA,BAD2AC,BAD344,152,76,Text_3EF_Manual_SpringFinallyReturningSellSeeds
3F1,BA,BAD344,BAD3D4,144,72,Text_3F0_Dialog_SpringNewYearAreaSt
3F2,BA,BAD3D4,BAD436,98,49,Text_3F1_Dialog_HopeGoodYearBothUs
3F3,BA,BAD436,BAD4F6,192,96,Text_3F2_Animal_PrizeEggFestivalDifferentEvery
3F4,BA,BAD4F6,BAD57A,132,66,Text_3F3_Animal_EggFestivalHeldPublicSquare
3F5,BA,BAD57A,BAD5D8,94,47,Text_3F4_Animal_WinAgainEggFestivalTomorrow
3F6,BA,BAD5D8,BAD67C,164,82,Text_3F5_Romance_MyAnnualEventBeginningYear
3F7,BA,BAD67C,BAD700,132,66,Text_3F6_Dialog_WasGoodYearTryBest
3F8,BA,BAD700,BAD772,114,57,Text_3F7_Mountain_FishermanBackSoonWarmPlace
3F9,BA,BAD772,BAD844,210,105,Text_3F8_Romance_YearClosingSoonWishBecome
3FA,BA,BAD844,BAD8E6,162,81,Text_3F9_Romance_YearEndingDevelopCompleteGreat
3FB,BA,BAD8E6,BAD984,158,79,Text_3FA_Weather_SmellDirtGettingStrongerAs
3FC,BA,BAD984,BAD9F2,110,55,Text_3FB_Weather_SnowGaveUsHardTime
3FD,BA,BAD9F2,BADA8E,156,78,Text_3FC_Dialog_NowTonightLastNightYear
3FE,BA,BADA8E,BADB66,216,108,Text_3FD_Weather_LastJuiceDrinkSeeingSnow
3FF,BA,BADB66,BADC24,190,95,Text_3FE_Sign_BetterGoHomeRestNow
400,BA,BADC24,BADCC8,164,82,Text_3FF_Romance_ThankVeryMuchEverythingYear
401,BA,BADCC8,BADD22,90,45,Text_400_Dialog_AhMrEdFieldAndmeadow
402,BA,BADD22,BADD8E,108,54,Text_401_Dialog_ImportantHumanOvercomeDifficulties
403,BA,BADD8E,BADE08,122,61,Text_402_Dialog_SuchHardTimeHadBut
404,BA,BADE08,BADE6A,98,49,Text_403_Dialog_VitalityImportantMenWorkOutside
405,BA,BADE6A,BADEBC,82,41,Text_404_Sign_ShopOpenCome
406,BA,BADEBC,BADF26,106,53,Text_405_Church_EverybodyComeChurchPrayTomorrow
407,BA,BADF26,BADFB2,140,70,Text_406_Sign_FirstFortuneTellingMountainTop
408,BA,BADFB2,BAE04C,154,77,Text_407_Animal_WinterGoodTimeFriendsLivestock
409,BA,BAE04C,BAE12A,222,111,Text_408_Sign_TheresLotThingEatMountains
40A,BA,BAE12A,BAE1C0,150,75,Text_409_Sign_NeedLotsWoodWinterChop
40B,BA,BAE1C0,BAE280,192,96,Text_40A_Animal_UmmGetOutCloseyouEyes
40C,BA,BAE280,BAE2D4,84,42,Text_40B_Town_ManyPeopleComeWonder
40D,BA,BAE2D4,BAE39A,198,99,Text_40C_Dialog_VeryLittleLightAboveReaches
40E,BA,BAE39A,BAE400,102,51,Text_40D_Romance_NinasDreamLiveSurroundedFlowers
40F,BA,BAE400,BAE4B6,182,91,Text_40E_Romance_FlowersLoveThemallLikeWeeds
410,BA,BAE4B6,BAE51C,102,51,Text_40F_Church_LoveChurchBecauseSeemsWash
411,BA,BAE51C,BAE552,54,27,Text_410_Dialog_BestWork
412,BA,BAE552,BAE636,228,114,Text_411_Dialog_AllRightFeelEaseKnowing
413,BA,BAE636,BAE6B6,128,64,Text_412_Dialog_SurpriseUsSayingSomethingDecent
414,BA,BAE6B6,BAE712,92,46,Text_413_Dialog_WasTerrifiedWasMyFirst
415,BA,BAE712,BAE76C,90,45,Text_414_Dialog_SeeRockUpCollapsed
416,BA,BAE76C,BAE83E,210,105,Text_415_Sign_HeardMysteriousSpringMountainRemember
417,BA,BAE83E,BAE8A8,106,53,Text_416_Dialog_LikeWinterBecauseFeelsKind
418,BA,BAE8A8,BAE948,160,80,Text_417_Weather_BecauseHurricaneTheresLeakRoof
419,BA,BAE948,BAE96E,38,19,Text_418_Animal_UumWantEgg
41A,BA,BAE96E,BAE9C8,90,45,Text_419_Dialog_SobAskAnyMoreIdiot
41B,BA,BAE9C8,BAEA28,96,48,Text_41A_Diary_ThankMoneySavedBye
41C,BA,BAEA28,BAEA88,96,48,Text_41B_Animal_WantEggWantOneEgg
41D,BA,BAEA88,BAEA9A,18,9,Text_41C_Dialog_Stable
41E,BA,BAEA9A,BAEB3A,160,80,Text_41D_Dialog_CelebrationEesBirthdayYearNow
41F,BA,BAEB3A,BAEBA2,104,52,Text_41E_Dialog_WowCakeEfsBirthday
420,BA,BAEBA2,BAEBEE,76,38,Text_41F_Dialog_WarmEnoughNowAniceDay
421,BA,BAEBEE,BAECAA,188,94,Text_420_Weather_VariousDisastersHappeninSummerBetter
422,BA,BAECAA,BAECEE,68,34,Text_421_Dialog_AutumnSkyHigh
423,BA,BAECEE,BAED90,162,81,Text_422_Dialog_HopeAbleCookBetterStep
424,BA,BAED90,BAEDF2,98,49,Text_423_Weather_WishHadHadTrainedLittle
425,BA,BAEDF2,BAEE50,94,47,Text_424_Manual_SpringSpringLetsPlantSeeds
426,BA,BAEE50,BAEEA4,84,42,Text_425_Dialog_MorningNiceBrightToday
427,BA,BAEEA4,BAEF56,178,89,Text_426_Animal_HearWildDogsSometimesCome
428,BA,BAEF56,BAEFC2,108,54,Text_427_Weather_RainsHavePutEgInside
429,BA,BAEFC2,BAF05A,152,76,Text_428_Dialog_DarlingTakeEhEiWalk
42A,BA,BAF05A,BAF088,46,23,Text_429_Dialog_WantRideEj
42B,BA,BAF088,BAF13A,178,89,Text_42A_Mountain_AhThingsLikeTemparaturePlace
42C,BA,BAF13A,BAF27A,320,160,Text_42B_Animal_OneWildGrapeJuiceBayberry
42D,BA,BAF27A,BAF2F6,124,62,Text_42C_Dialog_OneMadeSpringDrinkSoon
42E,BA,BAF2F6,BAF39C,166,83,Text_42D_Dialog_PlayMachinesTimeBeingGoing
42F,BA,BAF39C,BAF406,106,53,Text_42E_Weather_SnowsLotThoseFencesOften
430,BA,BAF406,BAF44A,68,34,Text_42F_Dialog_HopeSpringComeSoon
431,BA,BAF44A,BAF4DC,146,73,Text_430_Town_BusyWorkingIwantGatherPeople
432,BA,BAF4DC,BAF598,188,94,Text_431_Sign_SaySoundBurningWoodSmell
433,BA,BAF598,BAF608,112,56,Text_432_Dialog_AllGrassGroundGoneLooks
434,BA,BAF608,BAF7C4,444,222,Text_433_Church_HitMyMindButAs
435,BA,BAF7C4,BAF832,110,55,Text_434_Animal_ThoseStarsStillShinewhenBecome
436,BA,BAF832,BAF8E6,180,90,Text_435_Romance_GoodEveningIfIfInterested
437,BA,BAF8E6,BAF9EE,264,132,Text_436_Romance_MayEverybodyHappyMayFine
438,BA,BAF9EE,BAFADE,240,120,Text_437_Dialog_GladNowLetsHaveToast
439,BA,BAFADE,BAFB7C,158,79,Text_438_Dialog_HoneyahLateHavingWonderfulTime
43A,BA,BAFB7C,BAFC68,236,118,Text_439_Romance_HeyiLookForwardShootingStar
43B,BA,BAFC68,BAFD24,188,94,Text_43A_Dialog_NextYearYearAfterMay
43C,BA,BAFD24,BAFE96,370,185,Text_43B_Dialog_SayOftenSeesomeoneLateNight
43D,BA,BAFE96,BAFF06,112,56,Text_43C_Dialog_HmmmFeelsGoodBestSpot
43E,BA,BAFF06,BB0000,250,125,Text_43D_Weather_ThankButAnsweryouRightNow
43F,BB,BB8000,BB812A,298,149,Text_43E_Weather_SoundsGoodButNowiSunny
440,BB,BB812A,BB8260,310,155,Text_43F_Weather_UummmAnswerNowIfSunny
441,BB,BB8260,BB83AC,332,166,Text_440_Weather_AhSorryButAnswerYouright
442,BB,BB83AC,BB8548,412,206,Text_441_Weather_HuhGotTalkMyGrandpa
443,BB,BB8548,BB8570,40,20,Text_442_Dialog_MooS
444,BB,BB8570,BB85C6,86,43,Text_443_Dialog_MadeOverallCute
445,BB,BB85C6,BB85E0,26,13,Text_444_Dialog_MoneyHG
446,BB,BB85E0,BB8634,84,42,Text_445_Animal_CowCChickenC
447,BB,BB8634,BB864E,26,13,Text_446_Dialog_StaminaD
448,BB,BB864E,BB8698,74,37,Text_447_Animal_CowsBestAffectionRateEk
449,BB,BB8698,BB86BC,36,18,Text_448_Romance_MariasLoveD
44A,BB,BB86BC,BB86E0,36,18,Text_449_Romance_AnnsLoveD
44B,BB,BB86E0,BB8704,36,18,Text_44A_Romance_NinasLoveD
44C,BB,BB8704,BB8728,36,18,Text_44B_Romance_EllensLoveD
44D,BB,BB8728,BB874C,36,18,Text_44C_Romance_EvesLoveD
44E,BB,BB874C,BB878E,66,33,Text_44D_Shipping_AmountShippedTomatoesD
44F,BB,BB878E,BB87D0,66,33,Text_44E_Shipping_AmountShippedCornD
450,BB,BB87D0,BB8812,66,33,Text_44F_Shipping_AmountShippedPotatoesD
451,BB,BB8812,BB8854,66,33,Text_450_Shipping_AmountShippedTurnipsD
452,BB,BB8854,BB886C,24,12,Text_451_Sign_WoodHouse
453,BB,BB886C,BB8890,36,18,Text_452_Sign_SuperWoodHouse
454,BB,BB8890,BB88E0,80,40,Text_453_Sign_SuperDeluxeGreatWoodHouse
455,BB,BB88E0,BB8908,40,20,Text_454_Dialog_HappinessRateD
456,BB,BB8908,BB89B6,174,87,Text_455_Dialog_FloristsCropsNoteTomatoCorn
457,BB,BB89B6,BB8BF6,576,288,Text_456_Manual_TomatoCornSeedsMustPlanted
458,BB,BB8BF6,BB8DD0,474,237,Text_457_Manual_TurnipPotatoSeedsMustbePlanted
459,BB,BB8DD0,BB8F0E,318,159,Text_458_Manual_GrassSeedsMustPlantedSpring
45A,BB,BB8F0E,BB8FB2,164,82,Text_459_Animal_LivestockNoteCowChickenMilk
45B,BB,BB8FB2,BB9280,718,359,Text_45A_Weather_CowsSaleYoungOnesMilk
45C,BB,BB9280,BB9454,468,234,Text_45B_Manual_EquipMilkerPointYButton
45D,BB,BB9454,BB95BA,358,179,Text_45C_Weather_CowsEatGrownGrassGrass
45E,BB,BB95BA,BB978C,466,233,Text_45D_Weather_ChickensLayOneEggDay
45F,BB,BB978C,BB9932,422,211,Text_45E_Animal_EggsBecomeChicksDayswhenIncubate
460,BB,BB9932,BB99DC,170,85,Text_45F_Diary_LessonsLovePresentConversationFestival
461,BB,BB99DC,BB9AFE,290,145,Text_460_Romance_MostPortableThingsPresentsEvery
462,BB,BB9AFE,BB9B82,132,66,Text_461_Romance_ImportantTalkGirlLoveAs
463,BB,BB9B82,BB9D32,432,216,Text_462_Festival_FestivalsBestOpportunityGirlsSometimes
464,BB,BB9D32,BB9E42,272,136,Text_463_Diary_GirlsImpressionYoucanFoundDiary
465,BB,BB9E42,BB9FA4,354,177,Text_464_Animal_ItemMarriageProposalBlueFeather
466,BB,BB9FA4,BBA138,404,202,Text_465_Animal_SeeEllenShesBehindPen
467,BB,BBA138,BBA2C0,392,196,Text_466_Sign_EveHmmGoBarAsmany
468,BB,BBA2C0,BBA30A,74,37,Text_467_Romance_SweetheartStayHappyForever
469,BB,BBA30A,BBA370,102,51,Text_468_Dialog_DarlingLikeBabyAbout
46A,BB,BBA370,BBA3F2,130,65,Text_469_Dialog_HoneyWorkTooHardWant
46B,BB,BBA3F2,BBA436,68,34,Text_46A_Dialog_JlCCmGnMoney
46C,BB,BBA436,BBA514,222,111,Text_46B_Dialog_JoCCpGqOclock
46D,BB,BBA514,BBA590,124,62,Text_46C_Dialog_JrCCsGtOclock
46E,BB,BBA590,BBA60C,124,62,Text_46D_Dialog_JuCCvGwOclock
46F,BB,BBA60C,BBA688,124,62,Text_46E_Dialog_JxCCyGzOclock
470,BB,BBA688,BBA704,124,62,Text_46F_Dialog_JCCGOclock
471,BB,BBA704,BBA79A,150,75,Text_470_Dialog_JCCGOclock
472,BB,BBA79A,BBA832,152,76,Text_471_Dialog_JCCGOclock
473,BB,BBA832,BBA8AE,124,62,Text_472_Dialog_JCCGOclock
474,BB,BBA8AE,BBA92A,124,62,Text_473_Dialog_JCCGOclock
475,BB,BBA92A,BBA9DE,180,90,Text_474_Shipping_JCCGOclock
476,BB,BBA9DE,BBAA86,168,84,Text_475_Shipping_JCCGOclock
477,BB,BBAA86,BBAB1A,148,74,Text_476_Dialog_JCCGOclock
478,BB,BBAB1A,BBAC02,232,116,Text_477_Dialog_JCCGOclock
479,BB,BBAC02,BBACEC,234,117,Text_478_Dialog_JCCGOclock
47A,BB,BBACEC,BBAE80,404,202,Text_479_Animal_MrGotNoticeFatherThismorning
47B,BB,BBAE80,BBAF44,196,98,Text_47A_Dialog_ParentsComingTomorrowLastSurprised
47C,BB,BBAF44,BBAFAE,106,53,Text_47B_Weather_StillNeedTrainedMore
47D,BB,BBAFAE,BBB034,134,67,Text_47C_Weather_KindDisappointingWeatherGoodonSunday
47E,BB,BBB034,BBB0A6,114,57,Text_47D_Sign_HoneyShopClosedBecauseSaturday
47F,BB,BBB0A6,BBB14E,168,84,Text_47E_Manual_EquipAxeUseFrontSpring
480,BB,BBB14E,BBB248,250,125,Text_47F_Sign_DoingMakingGreatThingNow
481,BB,BBB248,BBB2A2,90,45,Text_480_Dialog_DarlingHoldChildSometimes
482,BB,BBB2A2,BBB2D6,52,26,Text_481_Dialog_LookCrawlingNow
483,BB,BBB2D6,BBB384,174,87,Text_482_Dialog_ChildGrowsPrettyQuicklyLittle
484,BB,BBB384,BBB3EE,106,53,Text_483_Dialog_RanchMasterRateDStill
485,BB,BBB3EE,BBB46A,124,62,Text_484_Dialog_VeryActiveHavePutEye
486,BB,BBB46A,BBB4B6,76,38,Text_485_Dialog_DarlingTakeCareYourself
487,BB,BBB4B6,BBB5A4,238,119,Text_486_Dialog_HeardAwfulSoundMorningAll
488,BB,BBB5A4,BBB640,156,78,Text_487_Shipping_SaidWereSupposedSellWerent
489,BB,BBB640,BBB692,82,41,Text_488_Dialog_RanchMasterRateDTry
48A,BB,BBB692,BBB700,110,55,Text_489_Dialog_RanchMasterRateDCome
48B,BB,BBB700,BBB78E,142,71,Text_48A_Dialog_RanchMasterRateDGreat
48C,BB,BBB78E,BBB832,164,82,Text_48B_Dialog_RanchMasterRateDCongratulations
48D,BB,BBB832,BBB86A,56,28,Text_48C_Romance_RanchDevelopingRateD
48E,BB,BBB86A,BBB8D8,110,55,Text_48D_Dialog_PChanDoingWonderIf
48F,BB,BBB8D8,BBB958,128,64,Text_48E_Dialog_MoneyOnlyThingLifeLook
490,BB,BBB958,BBB9FE,166,83,Text_48F_Animal_StrangeLookingOrnamentofChickenLooks
491,BB,BBB9FE,BBBA30,50,25,Text_490_Town_BeautifulFlower
492,BB,BBBA30,BBBAB4,132,66,Text_491_Dialog_EatLotTodayMeanAnything
493,BB,BBBAB4,BBBB44,144,72,Text_492_Romance_HasNinaMadeSomethingLikea
494,BB,BBBB44,BBBBA2,94,47,Text_493_Dialog_DarlingForgetPaintDoor
495,BB,BBBBA2,BBBC44,162,81,Text_494_Romance_MariaSeemsDoingBroughtMe
496,BB,BBBC44,BBBCBC,120,60,Text_495_Dialog_GettingAlongWifeArgue
497,BB,BBBCBC,BBBD54,152,76,Text_496_Dialog_GotCakeFloristsWifeGlad
498,BB,BBBD54,BBBDF8,164,82,Text_497_Dialog_MyGoodnessNothingLikeKnow
